Country,Shop Name,Website,Email,Address,TripAdvisor Rating,TripAdvisor Reviews,Google Rating,Google Reviews,Ratings_AsOf
Dominican Republic,ScubaFun,https://www.scubafun.info/,info@scubafun.info,"Calle Principal 28, Bayahibe, La Romana, Dominican Republic",,,4.8,291.0,2025-08-20
Dominican Republic,Coral Point Diving,https://www.coralpointdiving.com/,info@coralpointdiving.com,"Calle Bahia, Edificio 'Barco Bar', Bayahibe, Dominican Republic",,,4.9,240.0,2025-08-20
Dominican Republic,Dressel Divers (Bayahibe – Iberostar Hacienda Dominicus),https://www.dresseldivers.com/dive/dominican-republic/bayahibe-scuba-diving/,info@dresseldivers.com,"Iberostar Hacienda Dominicus, Bayahibe, Dominican Republic",,,4.6,185.0,2025-08-20
Dominican Republic,Tropical Sea Divers (Boca Chica),http://www.tropicalseadivers.com/,info@tropicalseadivers.com,"44 Av. Duarte, 15700 Boca Chica, Santo Domingo, Dominican Republic",4.9,239.0,4.8,178.0,2025-08-20
Dominican Republic,SeaPro Divers (Punta Cana / Puerto Plata),https://seaprodivers.com/,info@seaprodivers.com,"Calle Marcio Veloz Maggiolo, Punta Cana 23000, Dominican Republic",,2915.0,,,2025-08-20
Dominican Republic,Northern Coast Diving (Sosúa),https://www.northerncoastdiving.com/,northerncoastdiving@gmail.com,"Pedro Clisante, El Batey, Sosúa, Puerto Plata, Dominican Republic",,335.0,,,2025-08-20
Dominican Republic,Dive Cabarete (Sosúa/Cabarete),https://www.divecabarete.com/,divecabarete@gmail.com,"C. La Puntilla, Sosúa 57000, Dominican Republic",,,4.9,181.0,2025-08-20
Dominican Republic,The Dive Academy (Las Terrenas),https://tdalasterrenas.com/,contact@tdalasterrenas.com,"Beach Garden Plaza (next to ETNO), Las Terrenas, Samaná, Dominican Republic",,,,,2025-08-20
Dominican Republic,Las Galeras Divers (Samaná),https://www.las-galeras-divers.com/,contact@las-galeras-divers.com,"Hotel El Edén Tropical, Las Galeras, Samaná, Dominican Republic",,,4.7,47.0,2025-08-20
