Country,Region/Island,Area,Type,Business Name,City/Island,Address,Website,Phone,Email,TripAdvisor URL,TA_Bubbles(5=Excellent),TA_Review_Count,Google_Stars_FirstParty,Google_Stars_Source_URL,Notes/Tags,Status,Last Checked (UTC),Contact_Source_URL
Indonesia,Bali – South Bali (Sanur),Sanur,Dive Shop,Blue Season Bali,Sanur,"Jalan Danau Poso, Gang Wanasari 3b, Sanur 80228, Bali, Indonesia",https://www.blueseasonbali.com/,+62 811-3855-598 / +62 361 270 852,diving@blueseasonbali.com,https://www.tripadvisor.in/Attraction_Review-g297700-d1946976-Reviews-Blue_Season_Bali-Sanur_Denpasar_Bali.html,,,,,Guided dives + boats,Indonesia Wave 1 Seed,2025-08-14 02:11:41 UTC,https://www.baliocean.com/contact-us/
Indonesia,Bali – South Bali (Sanur),Sanur,Dive Shop,Bali Scuba,Sanur,,https://www.baliscuba.com/,+62 818-0504-3888 (WhatsApp/SMS),letsdive@baliscuba.com,https://www.tripadvisor.in/Attraction_Review-g297700-d1763985-Reviews-Bali_Scuba-Sanur_Denpasar_Bali.html,,,,,Guided dives + boats,Indonesia Wave 1 Seed,2025-08-14 02:11:41 UTC,https://www.baliscuba.com/contact/
Indonesia,Bali – South Bali (Sanur),Sanur,Dive Shop,Joe’s Gone Diving,Sanur,"Jl. By Pass Ngurah Rai 44A, Sanur, Denpasar 80228, Bali, Indonesia",https://joesgonediving.com/,+65 9760 0300,info@joesgonediving.com,https://www.tripadvisor.in/Attraction_Review-g297700-d2028952-Reviews-Joe_s_Gone_Diving-Sanur_Denpasar_Bali.html,,,,,Guided dives + boats,Indonesia Wave 1 Seed,2025-08-14 02:11:41 UTC,https://www.joesgonediving.com/en/contact-us/
Indonesia,Bali – South Bali (Sanur),Sanur,Dive Shop,Crystal Divers Bali,Sanur,"Jl By Pass Ngurah Rai, Gang Griya no 6, Sanur, Bali, Indonesia",https://www.crystal-divers.com/,+62 361 286737 / +62 811 386 8006 (WhatsApp),info@crystal-divers.com,https://www.tripadvisor.in/Attraction_Review-g297700-d2046291-Reviews-Crystal_Divers-Sanur_Denpasar_Bali.html,,,,,Guided dives + boats,Indonesia Wave 1 Seed,2025-08-14 02:11:41 UTC,https://www.crystal-divers.com/contact
Indonesia,Bali – South Bali (Sanur),Sanur,Dive Shop,Atlantis Bali Diving (Dune),Sanur,"Jl. By Pass Ngurah Rai No.96E, Sanur, Bali 80228, Indonesia",https://atlantis-bali-diving.com/,+62 361 284 131,info@dune-bali.com,https://en.tripadvisor.com.hk/ShowUserReviews-g297700-d2143282-Atlantis_International_Bali-Sanur_Denpasar_Bali.html,,,,,Guided dives + boats,Indonesia Wave 1 Seed; Enriched batch3; Enriched batch4,2025-08-14T03:19:29Z,https://www.atlantis-bali-diving.com/contact/
Indonesia,Bali – South Bali (Sanur),Sanur,Dive Shop,AquaMarine Diving – Bali,Sanur,"Jalan Petitenget No.2A, Kuta, Bali 80361, Indonesia",https://www.bali-diving.com/,+62 361 4738 020,Info@AquaMarineDiving.com,https://www.tripadvisor.com.au/ShowUserReviews-g297697-d2206659-AquaMarine_Diving_Bali-Kuta_Kuta_District_Bali.html,,,,,Guided dives + boats,Indonesia Wave 1 Seed; Enriched batch3; Enriched batch4,2025-08-14T03:19:29Z,https://www.aquamarinediving.com/location-contact/
Indonesia,Bali – Nusa Penida/Lembongan,Nusa Lembongan,Operator (Scuba Charter),World Diving Lembongan,Nusa Lembongan,"Jalan Jungutbatu Raya, Nusa Lembongan, Bali, Indonesia",https://www.world-diving.com/,+62 812-3900-686 (WhatsApp),info@world-diving.com,https://en.tripadvisor.com.hk/Attraction_Review-g1137831-d2222477-Reviews-World_Diving-Lembongan_Nusa_Penida_Bali.html,,,,,,Indonesia Wave 1 Seed,2025-08-14 02:11:41 UTC,https://www.world-diving.com/contact-us
Indonesia,Bali – Nusa Penida/Lembongan,Nusa Lembongan,Operator (Scuba Charter),Blue Corner Dive,Nusa Lembongan,"Jungut Batu, Nusa Lembongan, Bali 80771, Indonesia",https://bluecornerdive.com/,+62 812-3761-8151,info@bluecornerdive.com,https://www.tripadvisor.in/Attraction_Review-g1137831-d1172581-Reviews-Blue_Corner_Dive-Lembongan_Nusa_Penida_Bali.html,,,,,,Indonesia Wave 1 Seed,2025-08-14 02:11:41 UTC,https://www.bluecornerdive.com/contact
Indonesia,Bali – Nusa Penida/Lembongan,Nusa Lembongan,Operator (Scuba Charter),Big Fish Diving,Nusa Lembongan,"Secret Garden Bungalows, Jungutbatu Village, Nusa Lembongan, Indonesia",https://www.bigfishdiving.com/,+62 813-5313-6861,info@bigfishdiving.com,https://www.tripadvisor.in/Attraction_Review-g1137831-d2410790-Reviews-Big_Fish_Diving-Lembongan_Nusa_Penida_Bali.html,,,,,,Indonesia Wave 1 Seed,2025-08-14 02:11:41 UTC,https://bigfishdiving.com/contact/
Indonesia,Bali – Nusa Penida/Lembongan,Nusa Lembongan,Dive Shop,Two Fish Divers – Nusa Lembongan,Nusa Lembongan,,https://www.twofishdivers.com/locations/nusa-lembongan/,+62 811-3811-4009,info@twofishdivers.com,https://www.tripadvisor.co.uk/ShowUserReviews-g1137831-d7224143-Two_Fish_Divers_Resort-Nusa_Lembongan_Bali.html,,,,,Guided dives + boats,Indonesia Wave 1 Seed; Enriched batch3; Enriched batch4,2025-08-14T03:19:29Z,https://twofishdivers.com/contact-two-fish-divers/
Indonesia,Bali – Amed/Tulamben,Amed,Dive Shop,Adventure Divers Bali,Amed,"Jalan Jemeluk, Amed, Karangasem - Bali, Indonesia",https://adventurediversbali.com/,+62 813-5313-6113 (WhatsApp),adventurediversbali@gmail.com,https://www.tripadvisor.co.nz/Attraction_Review-g608478-d2316062-Reviews-Adventure_Divers_Bali-Amed_Abang_Karangasem_Bali.html,,,,,Guided dives + boats,Indonesia Wave 1 Seed,2025-08-14 02:11:41 UTC,https://www.adventurediversbali.com/contact.html
Indonesia,Bali – Amed/Tulamben,Amed,Dive Shop,Two Fish Divers – Amed,Amed,"Jl. Raya Amed, Purwakerti, Abang, Karangasem 80852, Bali, Indonesia",https://www.twofishdivers.com/locations/amed/,+62 813-4006-9321 / +62 811-3811-4009,bookings@twofishdivers.com,https://www.tripadvisor.co.nz/Attraction_Review-g608478-d10001335-Reviews-Two_Fish_Divers_Amed-Amed_Abang_Karangasem_Bali.html,,,,,,Indonesia Wave 1 Seed,2025-08-14 02:11:41 UTC,https://twofishdivers.com/contact-two-fish-divers/
Indonesia,Bali – Amed/Tulamben,Tulamben,Dive Shop,Bali Dive Trek (Tulamben),Tulamben,"Amed Br dinas Biaslantang, Desa Purwakerti, Kelod, Amed - Abang - Karangasem 80852, Bali, Indonesia",https://www.balidivetrek.com/,+62 852-3838-9529,balidivetrek@gmail.com,https://www.tripadvisor.co.nz/Attraction_Review-g608478-d8062039-Reviews-Bali_Dive_Trek-Amed_Abang_Karangasem_Bali.html,,,,,,Indonesia Wave 1 Seed,2025-08-14 02:11:41 UTC,https://balidivetrek.com/
Indonesia,Bali – Amed/Tulamben,Tulamben,Operator (Scuba Charter),Liberty Dive Resort (Dive Center),Tulamben,"Jalan Raya Amlapura–Singaraja, Desa Tulamben, Kubu, Karangasem 80853, Bali, Indonesia",https://www.libertydive.com/,+62 363 23347; +62 813 3776 2206,libertydiveresort@gmail.com,https://www.tripadvisor.in/ShowUserReviews-g469406-d1788685-Liberty_Dive_Resort-Tulamben_Bali.html,,,,,Resort dive center,Indonesia Wave 1 Seed; Enriched batch3; Enriched batch4,2025-08-14T03:19:29Z,https://www.libertydiveresort.com/
Indonesia,Bali – Amed/Tulamben,Tulamben,Operator (Scuba Charter),Ocean Sun Dive Resort (Dive Center),Tulamben,"Jln. Raya Kubu Amlapura, Desa Tulamben, Karangasem 80853, Bali, Indonesia",https://www.oceansun-diveresort.com/,+62 81 1336 4222; WhatsApp +62 81 33757 3434,info@ocean-sun.com,https://www.tripadvisor.co.nz/Hotel_Review-g469406-d1456499-Reviews-Ocean_Sun_Dive_Resort-Tulamben_Bali.html,,,,,Resort dive center,Indonesia Wave 1 Seed; Enriched batch3; Enriched batch4,2025-08-14T03:19:29Z,https://ocean-sun.com/en/
Indonesia,Bali – Amed/Tulamben,Tulamben,Operator (Scuba Charter),Tulamben Wreck Divers,Tulamben,,https://www.tulambenwreckdivers.com/,,,https://www.tripadvisor.co.nz/Hotel_Review-g469406-d953612-Reviews-Tulamben_Wreck_Divers_Hotel-Tulamben_Bali.html,,,,,,Indonesia Wave 1 Seed,2025-08-14 02:11:41 UTC,
Indonesia,Flores – Komodo (Labuan Bajo),Labuan Bajo,Operator (Scuba Charter),Blue Marlin Komodo,Labuan Bajo,"Jalan Soekarno-Hatta, Labuan Bajo, Flores, NTT, Indonesia",https://www.bluemarlinkomodo.com/,+62 811-1842-235,info@bluemarlinkomodo.com,https://www.tripadvisor.in/Attraction_Review-g1777483-d8078373-Reviews-Blue_Marlin_Dive_Komodo-Labuan_Bajo_Flores_East_Nusa_Tenggara.html,,,,,,Indonesia Wave 1 Seed,2025-08-14 02:11:41 UTC,https://www.bluemarlindive.com/contact/
Indonesia,Flores – Komodo (Labuan Bajo),Labuan Bajo,Operator (Scuba Charter),Scuba Junkie Komodo,Labuan Bajo,"Komodo Beach Resort, Warloka, Flores, NTT, Indonesia",https://scubajunkiekomodo.com/,+62 821-3790-8161,komodo@scubajunkie.com,https://www.tripadvisor.in/Attraction_Review-g1777483-d5031482-Reviews-Scuba_Junkie_Komodo-Labuan_Bajo_Flores_East_Nusa_Tenggara.html,,,,,,Indonesia Wave 1 Seed,2025-08-14 02:11:41 UTC,https://www.scubajunkiekomodo.com/contact-us/
Indonesia,Flores – Komodo (Labuan Bajo),Labuan Bajo,Operator (Scuba Charter),Dive Komodo,Labuan Bajo,"Labuan Bajo 86554, Flores, NTT, Indonesia",https://divekomodo.com/,+62 822-6611-7310 / +62 812-3763-4606,info@divekomodo.com,https://www.tripadvisor.in/Attraction_Review-g1777483-d1181329-Reviews-Dive_Komodo-Labuan_Bajo_Flores_East_Nusa_Tenggara.html,,,,,,Indonesia Wave 1 Seed,2025-08-14 02:11:41 UTC,https://divekomodo.com/contact-dive-komodo/
Indonesia,Flores – Komodo (Labuan Bajo),Labuan Bajo,Operator (Scuba Charter),Manta Rhei,Labuan Bajo,"Jl. Soekarno Hatta No.16, Labuan Bajo, Flores, Indonesia",https://mantarhei.com/,+62 821 4731 0340,info@mantarhei.com,https://en.tripadvisor.com.hk/ShowUserReviews-g1777483-d6725216-Manta_Rhei_Dive_Center-Labuan_Bajo_Flores_East_Nusa_Tenggara.html,,,,,,Indonesia Wave 1 Seed; Enriched batch3; Enriched batch4,2025-08-14T03:19:29Z,https://mantarhei.com/
Indonesia,Flores – Komodo (Labuan Bajo),Labuan Bajo,Operator (Scuba Charter),Uber Scuba Komodo,Labuan Bajo,"Jl. Soekarno Hatta, Labuan Bajo, Flores, Indonesia 86554",https://uberscubakomodo.com/,+62 813 3961 9724,dive@uberscubakomodo.com,https://www.tripadvisor.co.nz/ShowUserReviews-g1777483-d7707245-Uber_Scuba_Komodo_Dive_Center-Labuan_Bajo_Flores_East_Nusa_Tenggara.html,,,,,,Indonesia Wave 1 Seed; Enriched batch3; Enriched batch4,2025-08-14T03:19:29Z,https://uberscubakomodo.com/
Indonesia,Flores – Komodo (Labuan Bajo),Labuan Bajo,Operator (Scuba Charter),Wunderpus Diving Komodo,Labuan Bajo,,https://wunderpusdiving.com/,,,https://www.tripadvisor.co.nz/Attraction_Review-g1777483-d7305432-Reviews-Wunderpus_Liveaboard-Labuan_Bajo_Flores_East_Nusa_Tenggara.html,,,,,,Indonesia Wave 1 Seed,2025-08-14 02:11:41 UTC,
Indonesia,Flores – Komodo (Labuan Bajo),Labuan Bajo,Operator (Scuba Charter),Dragon Dive Komodo,Labuan Bajo,,https://www.dragondivekomodo.com/,,,https://www.tripadvisor.co.nz/Attraction_Review-g1777483-d10778775-Reviews-Dragon_Dive_Komodo-Labuan_Bajo_Flores_East_Nusa_Tenggara.html,,,,,,Indonesia Wave 1 Seed,2025-08-14 02:11:41 UTC,
Indonesia,Flores – Komodo (Labuan Bajo),Labuan Bajo,Operator (Scuba Charter),Sea Dragon Komodo,Labuan Bajo,,https://seadragonkomodo.com/,,,,,,,,,Indonesia Wave 1 Seed,2025-08-14 02:11:41 UTC,
Indonesia,West Papua – Raja Ampat,Waisai (Waigeo),Operator (Scuba Charter),Meridian Adventure Dive,Waisai (Waigeo),,https://www.meridianadventuredive.com/,+62 821 9791 3807,reservations@meridianadventuredive.com,https://www.tripadvisor.co.nz/ShowUserReviews-g3632533-d12948600-r986935400-Meridian_Adventure_Marina_Club_Resort-Waisai_Raja_Ampat_West_Papua.html,,,,,,Indonesia Wave 1 Seed; Enriched batch3; Enriched batch4,2025-08-14T03:19:29Z,https://raja.meridianadventuredive.com/terms-and-conditions/
Indonesia,West Papua – Raja Ampat,Kri Island,Operator (Scuba Charter),Papua Diving (Kri Eco/Sorido Bay),Kri Island,,https://www.papuadiving.com/,+62 811 483 4614,info@papua-diving.com,https://www.tripadvisor.co.nz/Hotel_Review-g2303999-d736575-Reviews-Sorido_Bay_Resort-Raja_Ampat_West_Papua.html,,,,,Resort dive center,Indonesia Wave 1 Seed; Enriched batch3; Enriched batch4,2025-08-14T03:19:29Z,https://papua-diving.com/
Indonesia,West Papua – Raja Ampat,Waigeo/Kri area,Operator (Scuba Charter),Raja Ampat Biodiversity Resort (Dive Center),Waigeo/Kri area,,https://www.rajaampatbiodiversity.com/,+62 812 4881 3677,info@rajaampatbiodiversity.com,https://en.tripadvisor.com.hk/ShowUserReviews-g19938534-d4267831-r958573772-Raja_Ampat_Biodiversity_Nature_Resort-Yenbesser_Gam_Island_Raja_Ampat_West_Pap.html,,,,,,Indonesia Wave 1 Seed; Enriched batch3; Enriched batch4,2025-08-14T03:19:29Z,https://rajaampatbiodiversity.com/contact-us/
Indonesia,West Papua – Raja Ampat,Waisai (Waigeo),Operator (Scuba Charter),Soul Scuba Divers Raja Ampat,Waisai (Waigeo),"Kri Island, Yenbuba, Meos Mansar, Raja Ampat 98472, Indonesia",https://www.soulscubadivers-rajaampat.com/,+62 822 6614 5516,soulscubadivers@gmail.com,https://www.tripadvisor.com.ph/ShowUserReviews-g15024679-d15586288-Soul_Scuba_Divers-Kri_Island_Raja_Ampat_West_Papua.html,,,,,,Indonesia Wave 1 Seed; Enriched batch3; Enriched batch4,2025-08-14T03:19:29Z,https://www.soulscubadivers.com/contact
Indonesia,Lombok – Gili Islands,Gili Trawangan,Dive Shop,Manta Dive Gili Trawangan,Gili Trawangan,,https://www.mantadive.com/,+62 812 3788 9378,bookings@manta-dive.com,https://www.tripadvisor.co.nz/ShowUserReviews-g664666-d777114-Manta_Dive-Gili_Trawangan_Gili_Islands_Pemenang_Lombok_West_Nusa_Tenggara.html,,,,,Guided dives + boats,Indonesia Wave 1 Seed; Enriched batch3; Enriched batch4,2025-08-14T03:19:29Z,https://manta-dive.com/contact/
Indonesia,Lombok – Gili Islands,Gili Trawangan,Dive Shop,Blue Marlin Dive (Gili T),Gili Trawangan,,https://www.bluemarlindive.com/,,,https://www.tripadvisor.co.nz/Attraction_Review-g664666-d1434837-Reviews-Blue_Marlin_Dive_Gili_Trawangan-Gili_Trawangan_Gili_Islands_Pemenang_Lombok_West_.html,,,,,Guided dives + boats,Indonesia Wave 1 Seed,2025-08-14 02:11:41 UTC,
Indonesia,Lombok – Gili Islands,Gili Trawangan,Dive Shop,Trawangan Dive,Gili Trawangan,,https://www.trawangandive.com/,,,https://www.tripadvisor.co.nz/ShowUserReviews-g664666-d1796672-r902645322-Trawangan_Dive_Resort-Gili_Trawangan_Gili_Islands_Pemenang_Lombok_West_Nusa_Teng.html,,,,,,Indonesia Wave 1 Seed,2025-08-14 02:11:41 UTC,
Indonesia,Lombok – Gili Islands,Gili Trawangan,Dive Shop,Gili Divers,Gili Trawangan,,https://gili-divers.com/,,,https://www.tripadvisor.co.nz/Attraction_Review-g664666-d2180215-Reviews-Gili_Divers-Gili_Trawangan_Gili_Islands_Pemenang_Lombok_West_Nusa_Tenggara.html,,,,,,Indonesia Wave 1 Seed,2025-08-14 02:11:41 UTC,
Indonesia,Lombok – Gili Islands,Gili Trawangan,Dive Shop,Diversia Diving,Gili Trawangan,,https://diversiaindonesia.com/,,,https://www.tripadvisor.co.nz/Hotel_Review-g664666-d5884763-Reviews-Diversia_Diving_Club_and_Bungalows-Gili_Trawangan_Gili_Islands_Pemenang_Lombok_West_Nu.html,,,,,,Indonesia Wave 1 Seed,2025-08-14 02:11:41 UTC,
Indonesia,Lombok – Gili Islands,Gili Air,Dive Shop,Manta Dive Gili Air,Gili Air,,https://www.mantadive.com/gili-air/,,,https://www.tripadvisor.co.nz/Hotel_Review-g664667-d1837850-Reviews-Manta_Dive_Gili_Air_Resort-Gili_Air_Gili_Islands_Pemenang_Lombok_West_Nusa_Tenggara.html,,,,,,Indonesia Wave 1 Seed,2025-08-14 02:11:41 UTC,
Indonesia,Lombok – Gili Islands,Gili Air,Dive Shop,Blue Marine Dive (Gili Air),Gili Air,,https://bluemarine-divers.com/,,,,,,,,,Indonesia Wave 1 Seed,2025-08-14 02:11:41 UTC,
Indonesia,Lombok – Gili Islands,Gili Meno,Dive Shop,Blue Marlin Dive (Gili Meno),Gili Meno,,https://www.bluemarlindive.com/locations/gili-meno/,,,,,,,,,Indonesia Wave 1 Seed,2025-08-14 02:11:41 UTC,
Indonesia,Lombok – Mainland,Senggigi,Dive Shop,Blue Marlin Dive (Senggigi),Senggigi,,https://www.bluemarlindive.com/locations/lombok/,,,https://www.tripadvisor.com.my/ShowUserReviews-g1592993-d3949026-r1019454286-Blue_Marlin_Dive_Lombok-Senggigi_Lombok_West_Nusa_Tenggara.html,,,,,,Indonesia Wave 1 Seed,2025-08-14 02:11:41 UTC,
Indonesia,Lombok – Mainland,Kuta Lombok,Dive Shop,Scuba Froggy Lombok,Kuta Lombok,,https://scubafroggy.com/,,,https://www.tripadvisor.co.nz/ShowUserReviews-g2155769-d3972054-r946251082-Scuba_Froggy_Kuta-Kuta_Lombok_West_Nusa_Tenggara.html,,,,,,Indonesia Wave 1 Seed,2025-08-14 02:11:41 UTC,
Indonesia,Lombok – Mainland,Sekotong/Belongas Bay,Operator (Scuba Charter),Dive Zone Lombok,Sekotong/Belongas Bay,,https://www.dive-lombok.com/,,,,,,,,,Indonesia Wave 1 Seed,2025-08-14 02:11:41 UTC,
Indonesia,North Sulawesi – Manado/Bunaken,Manado,Operator (Scuba Charter),Thalassa Dive Resorts,Manado,,https://thalassa-dive.com/,,,https://www.tripadvisor.ie/ShowUserReviews-g297721-d5982063-r1018082148-Thalassa_Dive_Wellbeing_Resort_Manado-Manado_North_Sulawesi_Sulawesi.html,,,,,,Indonesia Wave 1 Seed,2025-08-14 02:11:41 UTC,
Indonesia,North Sulawesi – Manado/Bunaken,Manado,Operator (Scuba Charter),Murex Dive (Manado/Bangka),Manado,,https://www.murexdive.com/,,,https://www.tripadvisor.co.nz/Hotel_Review-g680020-d1218569-Reviews-NAD_Lembeh_Resort-Bitung_North_Sulawesi_Sulawesi.html,,,,,,Indonesia Wave 1 Seed,2025-08-14 02:11:41 UTC,
Indonesia,North Sulawesi – Bunaken,Bunaken,Dive Shop,Two Fish Divers – Bunaken,Bunaken,,https://www.twofishdivers.com/locations/bunaken/,,,https://www.tripadvisor.co.nz/Hotel_Review-g1071666-d1315549-Reviews-Two_Fish_Divers_Bunaken-Bunaken_Island_Manado_North_Sulawesi_Sulawesi.html,,,,,,Indonesia Wave 1 Seed,2025-08-14 02:11:41 UTC,
Indonesia,North Sulawesi – Lembeh Strait,Bitung (Lembeh),Operator (Scuba Charter),NAD-Lembeh Resort (Dive Center),Bitung (Lembeh),,https://www.nad-lembeh.com/,,,https://www.tripadvisor.co.nz/Hotel_Review-g1071667-d736220-Reviews-Lembeh_Resort-Pulau_Lembeh_Bitung_North_Sulawesi_Sulawesi.html,,,,,,Indonesia Wave 1 Seed,2025-08-14 02:11:41 UTC,
Indonesia,North Sulawesi – Lembeh Strait,Lembeh,Operator (Scuba Charter),Critters at Lembeh / Lembeh Resort,Lembeh,,https://www.lembehresort.com/,,,https://www.tripadvisor.co.nz/Hotel_Review-g1071667-d736220-Reviews-Lembeh_Resort-Pulau_Lembeh_Bitung_North_Sulawesi_Sulawesi.html,,,,,,Indonesia Wave 1 Seed,2025-08-14 02:11:41 UTC,
Indonesia,North Sulawesi – Bunaken,Bunaken,Operator (Scuba Charter),Siladen Resort & Spa (Dive Center),Bunaken,,https://www.siladen.com/,,,https://www.tripadvisor.co.nz/Hotel_Review-g1535792-d582929-Reviews-Siladen_Resort_Spa-Siladen_Island_Manado_North_Sulawesi_Sulawesi.html,,,,,,Indonesia Wave 1 Seed,2025-08-14 02:11:41 UTC,
Indonesia,East Nusa Tenggara – Alor,Alor/Kalabahi,Operator (Scuba Charter),Alami Alor (Dive Resort),Alor/Kalabahi,,https://www.alamialor.com/,,,https://www.tripadvisor.co.nz/ShowUserReviews-g1600794-d8124798-r1019499500-Alami_Alor_Dive_Snorkel_Resort-Alor_Island_East_Nusa_Tenggara.html,,,,,,Indonesia Wave 1 Seed,2025-08-14 02:11:41 UTC,
Indonesia,East Nusa Tenggara – Alor,Pantar/Alor,Operator (Scuba Charter),Alor Divers (Resort),Pantar/Alor,,https://www.alordivers.com/,,,https://www.tripadvisor.co.nz/Hotel_Review-g1600794-d1197774-Reviews-Alor_Divers-Alor_Island_East_Nusa_Tenggara.html,,,,,,Indonesia Wave 1 Seed,2025-08-14 02:11:41 UTC,
Indonesia,Maluku – Ambon,Ambon,Operator (Scuba Charter),Spice Island Divers (Ambon),Ambon,,https://spiceislanddivers.com/,,,https://www.tripadvisor.co.nz/Hotel_Review-g19219895-d19863539-Reviews-Spice_Island_Dive_Resort-Teluk_Ambon_Ambon_Maluku_Islands.html,,,,,,Indonesia Wave 1 Seed,2025-08-14 02:11:41 UTC,
Indonesia,Maluku – Ambon,Ambon,Operator (Scuba Charter),Blue Motion Ambon,Ambon,,https://bluemotiondive.com/destinations/ambon/,,,,,,,,,Indonesia Wave 1 Seed,2025-08-14 02:11:41 UTC,
Indonesia,East Kalimantan – Derawan/Maratua,Maratua,Operator (Scuba Charter),Scuba Junkie Sangalaki (Borneo),Maratua,,https://www.scubajunkieseas.org/borneo/,,,,,,,,,Indonesia Wave 1 Seed,2025-08-14 02:11:41 UTC,
Indonesia,East Kalimantan – Derawan/Maratua,Maratua,Operator (Scuba Charter),Maratua Paradise Resort (Dive Center),Maratua,,https://www.maratua-paradise.com/,,,,,,,,,Indonesia Wave 1 Seed,2025-08-14 02:11:41 UTC,
Indonesia,East Kalimantan – Derawan/Maratua,Nabucco/Maratua,Operator (Scuba Charter),Extra Divers (Nabucco/Maratua),Nabucco/Maratua,,https://www.extradivers-worldwide.com/,,,,,,,,,Indonesia Wave 1 Seed,2025-08-14 02:11:41 UTC,
Indonesia,SE Sulawesi – Wakatobi,Tomia/Wakatobi,Operator (Scuba Charter),Wakatobi Dive Resort (Dive Center),Tomia/Wakatobi,,https://www.wakatobi.com/,,,,,,,,,Indonesia Wave 1 Seed,2025-08-14 02:11:41 UTC,
Indonesia,SE Sulawesi – Wakatobi,Tomia/Wakatobi,Liveaboard,Pelagian Liveaboard (Wakatobi),Tomia/Wakatobi,,https://www.wakatobi.com/pelagian-liveaboard/,,,,,,,,,Indonesia Wave 1 Seed,2025-08-14 02:11:41 UTC,
Indonesia,Liveaboards – Indonesia (nationwide),Multiple (Bali/Komodo/Raja),Liveaboard,Mermaid Liveaboards,Multiple (Bali/Komodo/Raja),,https://www.mermaid-liveaboards.com/,,,,,,,,,Indonesia Wave 1 Seed,2025-08-14 02:11:41 UTC,
Indonesia,Liveaboards – Indonesia (nationwide),Multiple (Komodo/Raja/Banda),Liveaboard,Damai Liveaboards,Multiple (Komodo/Raja/Banda),,https://www.dive-damai.com/,,,,,,,,,Indonesia Wave 1 Seed,2025-08-14 02:11:41 UTC,
Indonesia,Liveaboards – Indonesia (nationwide),Multiple (Komodo/Raja/Banda),Liveaboard,Arenui Liveaboard,Multiple (Komodo/Raja/Banda),,https://www.thearenui.com/,,,,,,,,,Indonesia Wave 1 Seed,2025-08-14 02:11:41 UTC,
Indonesia,Liveaboards – Indonesia (nationwide),Multiple (Komodo/Raja/Banda),Liveaboard,White/Blue Manta Liveaboards,Multiple (Komodo/Raja/Banda),,https://www.whitemanta.com/,,,,,,,,,Indonesia Wave 1 Seed,2025-08-14 02:11:41 UTC,
Indonesia,Liveaboards – Indonesia (nationwide),Multiple (Komodo/Raja/Banda),Liveaboard,Indo Siren (Master Liveaboards),Multiple (Komodo/Raja/Banda),,https://www.masterliveaboards.com/indonesia/,,,,,,,,,Indonesia Wave 1 Seed,2025-08-14 02:11:41 UTC,
Indonesia,Liveaboards – Indonesia (nationwide),Multiple (Komodo/Raja/Banda),Liveaboard,SMY Ondina,Multiple (Komodo/Raja/Banda),,https://www.smy-ondina.com/,,,,,,,,,Indonesia Wave 1 Seed,2025-08-14 02:11:41 UTC,
Indonesia,Liveaboards – Indonesia (nationwide),Multiple (Komodo/Raja/Banda),Liveaboard,MV Amira,Multiple (Komodo/Raja/Banda),,https://www.diveamira.com/,,,,,,,,,Indonesia Wave 1 Seed,2025-08-14 02:11:41 UTC,
Indonesia,Liveaboards – Indonesia (nationwide),Multiple (Komodo/Raja/Banda),Liveaboard,Emperor Indonesia (Raja Laut),Multiple (Komodo/Raja/Banda),,https://www.emperordivers.com/liveaboards/indonesia.php,,,,,,,,,Indonesia Wave 1 Seed,2025-08-14 02:11:41 UTC,
Indonesia,Bali – Padangbai/Candidasa,Padangbai,Operator (Scuba Charter),Geko Dive Bali,Padangbai,,https://www.gekodivebali.com/,,,https://www.tripadvisor.com/Attraction_Review-g1078452-d1883080-Reviews-Geko_Dive_Padangbai-Padangbai_Bali.html,,,,,,Indonesia Wave 2 Add,2025-08-14 02:17:29 UTC,
Indonesia,Bali – Padangbai/Candidasa,Padangbai,Operator (Scuba Charter),OK Divers Resort & Spa (Dive Center),Padangbai,,https://www.okdiversresort.com/,,,https://www.tripadvisor.com/Hotel_Review-g1078452-d1231763-Reviews-OK_Divers_Resort_Spa-Padangbai_Bali.html,,,,,Resort dive center,Indonesia Wave 2 Add,2025-08-14 02:17:29 UTC,
Indonesia,Bali – Padangbai/Candidasa,Padangbai,Operator (Scuba Charter),Absolute Scuba Bali (Padang Bai),Padangbai,,https://absolutescubabali.com/,,,https://www.tripadvisor.com/Attraction_Review-g1078452-d1975557-Reviews-Absolute_Scuba_Bali-Padangbai_Bali.html,,,,,,Indonesia Wave 2 Add,2025-08-14 02:17:29 UTC,
Indonesia,Bali – Padangbai/Candidasa,Candidasa,Operator (Scuba Charter),Benthos Bali Dive Resort (Dive Center),Candidasa,,https://www.benthosbali.com/,,,https://www.tripadvisor.com/Hotel_Review-g609441-d4226206-Reviews-Benthos_Bali_Dive_Resort-Candidasa_Karangasem_Bali.html,,,,,,Indonesia Wave 2 Add,2025-08-14 02:17:29 UTC,
Indonesia,Bali – Pemuteran/Menjangan,Pemuteran,Operator (Scuba Charter),Sea Rovers,Pemuteran,,https://searovers.net/,,,https://www.tripadvisor.com/Attraction_Review-g297699-d1838160-Reviews-Sea_Rovers-Pemuteran_Gerokgak_Bali.html,,,,,,Indonesia Wave 2 Add,2025-08-14 02:17:29 UTC,
Indonesia,Bali – Pemuteran/Menjangan,Pemuteran,Operator (Scuba Charter),Reef Seen Divers’ Resort,Pemuteran,,https://www.reefseenbali.com/,,,https://www.tripadvisor.com/Hotel_Review-g297699-d550938-Reviews-Reef_Seen_Divers_Resort-Pemuteran_Gerokgak_Bali.html,,,,,,Indonesia Wave 2 Add,2025-08-14 02:17:29 UTC,
Indonesia,Bali – Pemuteran/Menjangan,Pemuteran,Dive Shop,Bali Diving Academy (Pemuteran),Pemuteran,,https://www.balibali-diving.com/bali-diving-academy-pemuteran/,,,https://www.tripadvisor.com/Attraction_Review-g297699-d3731412-Reviews-Bali_Diving_Academy_Pemuteran-Pemuteran_Gerokgak_Bali.html,,,,,Guided dives + boats,Indonesia Wave 2 Add,2025-08-14 02:17:29 UTC,
Indonesia,Bali – Pemuteran/Menjangan,Pemuteran,Operator (Scuba Charter),Menjangan Dive Centre,Pemuteran,,https://menjangandive.com/,,,https://www.tripadvisor.com/Attraction_Review-g297699-d12447406-Reviews-Menjangan_Dive_Centre-Pemuteran_Gerokgak_Buleleng_Regency_Bali.html,,,,,,Indonesia Wave 2 Add,2025-08-14 02:17:29 UTC,
Indonesia,Bali – Nusa Penida/Lembongan,Nusa Penida,Dive Shop,Two Fish Divers – Nusa Penida,Nusa Penida,,https://www.twofishdivers.com/locations/nusa-penida/,,,https://www.tripadvisor.com/Attraction_Review-g2538506-d5994612-Reviews-Two_Fish_Divers_Nusa_Penida-Nusa_Penida_Bali.html,,,,,,Indonesia Wave 2 Add,2025-08-14 02:17:29 UTC,
Indonesia,Bali – Nusa Penida/Lembongan,Nusa Penida,Operator (Scuba Charter),Warnakali Dive Center,Nusa Penida,,https://www.warnakali.com/,,,https://www.tripadvisor.com/Attraction_Review-g2538506-d14789500-Reviews-Warnakali_Dive_Center-Nusa_Penida_Bali.html,,,,,,Indonesia Wave 2 Add,2025-08-14 02:17:29 UTC,
Indonesia,Bali – Nusa Penida/Lembongan,Nusa Penida,Operator (Scuba Charter),Sanctum Dive Indonesia – Penida,Nusa Penida,,https://sanctumdiveindonesia.com/nusa-penida/,,,https://www.tripadvisor.com/Attraction_Review-g2538506-d12625267-Reviews-Sanctum_Dive_Indonesia-Nusa_Penida_Bali.html,,,,,,Indonesia Wave 2 Add,2025-08-14 02:17:29 UTC,
Indonesia,Bali – Nusa Penida/Lembongan,Nusa Penida,Dive Shop,Dive Concepts Penida,Nusa Penida,,https://diveconcepts.com/nusa-penida,,,https://www.tripadvisor.com/Attraction_Review-g2538506-d12345652-Reviews-Dive_Concepts_Nusa_Penida-Nusa_Penida_Bali.html,,,,,Guided dives + boats,Indonesia Wave 2 Add,2025-08-14 02:17:29 UTC,
Indonesia,Bali – Amed/Tulamben,Amed,Dive Shop,Abyss Dive Center Amed,Amed,,https://www.abyssdivecenteramed.com/,,,,,,,,,Indonesia Wave 2 Add,2025-08-14 02:17:29 UTC,
Indonesia,Bali – Amed/Tulamben,Amed,Dive Shop,Bali Reef Divers (Amed),Amed,,https://www.balireefdivers.com/,,,,,,,,,Indonesia Wave 2 Add,2025-08-14 02:17:29 UTC,
Indonesia,Flores – Komodo (Labuan Bajo),Labuan Bajo,Operator (Scuba Charter),Maika Komodo Tour & Diving,Labuan Bajo,,https://www.maikakomdotour.com/diving/,,,https://www.tripadvisor.com/Attraction_Review-g1777483-d10112273-Reviews-Maika_Comodo_Tour-Labuan_Bajo_Flores_East_Nusa_Tenggara.html,,,,,,Indonesia Wave 2 Add,2025-08-14 02:17:29 UTC,
Indonesia,Flores – Komodo (Labuan Bajo),Labuan Bajo,Operator (Scuba Charter),Scuba Republic Komodo,Labuan Bajo,,https://www.scuba-republic.com/destinations/komodo/,,,https://www.tripadvisor.com/Attraction_Review-g1777483-d7752676-Reviews-Scuba_Republic_Komodo-Labuan_Bajo_Flores_East_Nusa_Tenggara.html,,,,,,Indonesia Wave 2 Add,2025-08-14 02:17:29 UTC,
Indonesia,Flores – Komodo (Labuan Bajo),Labuan Bajo,Operator (Scuba Charter),Komodo Dive Center,Labuan Bajo,,https://www.komododivecenter.com/,,,https://www.tripadvisor.com/Attraction_Review-g1777483-d7228970-Reviews-Komodo_Dive_Center-Labuan_Bajo_Flores_East_Nusa_Tenggara.html,,,,,,Indonesia Wave 2 Add,2025-08-14 02:17:29 UTC,
Indonesia,West Papua – Raja Ampat,Waisai/Wasai,Operator (Scuba Charter),Blue Magic Raja Ampat Dive Resort (Dive Center),Waisai/Wasai,,https://bluemagicrajaampat.com/,,,https://www.tripadvisor.com/Hotel_Review-g1026024-d12959242-Reviews-Blue_Magic_Raja_Ampat-Dampier_Raja_Ampat_West_Papua.html,,,,,,Indonesia Wave 2 Add,2025-08-14 02:17:29 UTC,
Indonesia,West Papua – Raja Ampat,Waisai,Operator (Scuba Charter),Waiwo Dive Resort (Dive Center),Waisai,,https://www.waiwodiverajaampat.com/,,,https://www.tripadvisor.com/Hotel_Review-g3632533-d3588144-Reviews-Waiwo_Dive_Resort-Waisai_Raja_Ampat_West_Papua.html,,,,,,Indonesia Wave 2 Add,2025-08-14 02:17:29 UTC,
Indonesia,West Papua – Raja Ampat,Kri Island,Operator (Scuba Charter),Raja Ampat Dive Lodge (Kri),Kri Island,,https://rajaampatdivelodge.com/,,,https://www.tripadvisor.com/Hotel_Review-g2303999-d2333381-Reviews-Raja_Ampat_Dive_Lodge-Mansuar_Island_Raja_Ampat_West_Papua.html,,,,,,Indonesia Wave 2 Add,2025-08-14 02:17:29 UTC,
Indonesia,West Papua – Raja Ampat,Waigeo/Arborek,Operator (Scuba Charter),Arborek Dive Shop (Community),Waigeo/Arborek,,https://arborekdiveshop.com/,,,https://www.tripadvisor.com/Attraction_Review-g2303999-d7378702-Reviews-Arborek_Dive_Shop-Raja_Ampat_West_Papua.html,,,,,,Indonesia Wave 2 Add,2025-08-14 02:17:29 UTC,
Indonesia,Lombok – Gili Islands,Gili Trawangan,Dive Shop,Oceans 5 Gili Air (chain listing; branch on Gili Air),Gili Trawangan,,https://www.oceans5dive.com/,,,https://www.tripadvisor.com/Attraction_Review-g664667-d2066806-Reviews-Oceans_5_Dive_Gili_Air-Gili_Air_Gili_Islands_Pemenang_Lombok_West_Nusa_Tenggara.html,,,,,Guided dives + boats,Indonesia Wave 2 Add,2025-08-14 02:17:29 UTC,
Indonesia,Lombok – Gili Islands,Gili Trawangan,Dive Shop,Dive Central Gili,Gili Trawangan,,https://www.divecentralgili.com/,,,https://www.tripadvisor.com/Attraction_Review-g664666-d6027440-Reviews-Dive_Central_Gili-Gili_Trawangan_Gili_Islands_Pemenang_Lombok_West_Nusa_Tenggara.html,,,,,,Indonesia Wave 2 Add,2025-08-14 02:17:29 UTC,
Indonesia,Lombok – Gili Islands,Gili Air,Dive Shop,3W Dive Gili Air,Gili Air,,https://www.3wdive.com/,,,https://www.tripadvisor.com/Attraction_Review-g664667-d7252651-Reviews-3W_Dive_Gili_Air-Gili_Air_Gili_Islands_Pemenang_Lombok_West_Nusa_Tenggara.html,,,,,,Indonesia Wave 2 Add,2025-08-14 02:17:29 UTC,
Indonesia,Lombok – Mainland,Kuta Lombok,Operator (Scuba Charter),What Sup? Lombok Diving (Kuta),Kuta Lombok,,https://www.whatsuplombok.com/diving/,,,https://www.tripadvisor.com/Attraction_Review-g2155769-d11796407-Reviews-What_Sup_Lombok-Kuta_Lombok_West_Nusa_Tenggara.html,,,,,,Indonesia Wave 2 Add,2025-08-14 02:17:29 UTC,
Indonesia,Lombok – Mainland,Sekotong/Belongas Bay,Operator (Scuba Charter),Belongas Bay Divers,Sekotong/Belongas Bay,,https://www.belongasbay.com/,,,https://www.tripadvisor.com/Attraction_Review-g297733-d1772672-Reviews-Belongas_Bay_Diving-Lombok_West_Nusa_Tenggara.html,,,,,,Indonesia Wave 2 Add,2025-08-14 02:17:29 UTC,
Indonesia,North Sulawesi – Manado/Bunaken,Manado,Operator (Scuba Charter),Eco Divers Manado,Manado,,https://www.eco-divers.com/,,,https://www.tripadvisor.co.nz/Hotel_Review-g680020-d1218569-Reviews-NAD_Lembeh_Resort-Bitung_North_Sulawesi_Sulawesi.html,,,,,,Indonesia Wave 2 Add,2025-08-14 02:17:29 UTC,
Indonesia,North Sulawesi – Manado/Bunaken,Manado,Operator (Scuba Charter),Tasik Ria Resort – Sea Souls Dive Center,Manado,,https://www.tasikria.com/dive/,,,,,,,,,Indonesia Wave 2 Add,2025-08-14 02:17:29 UTC,
Indonesia,North Sulawesi – Bunaken,Bunaken,Operator (Scuba Charter),Froggies Divers (Bunaken),Bunaken,,https://www.froggiesdiving.com/,,,https://www.tripadvisor.com/Hotel_Review-g1071666-d2199968-Reviews-Froggies_Divers_Bunaken-Bunaken_Island_Manado_North_Sulawesi_Sulawesi.html,,,,,,Indonesia Wave 2 Add,2025-08-14 02:17:29 UTC,
Indonesia,North Sulawesi – Lembeh Strait,Lembeh,Dive Shop,Two Fish Divers – Lembeh,Lembeh,,https://www.twofishdivers.com/locations/lembeh/,,,https://www.tripadvisor.com/Hotel_Review-g680020-d674694-Reviews-Two_Fish_Divers_Lembeh-Bitung_North_Sulawesi_Sulawesi.html,,,,,,Indonesia Wave 2 Add,2025-08-14 02:17:29 UTC,
Indonesia,East Nusa Tenggara – Alor,Kalabahi/Alor,Operator (Scuba Charter),Dive Alor (Kalabahi),Kalabahi/Alor,,https://www.dive-alor.com/,,,,,,,,,Indonesia Wave 2 Add,2025-08-14 02:17:29 UTC,
Indonesia,Maluku – Ambon,Ambon,Operator (Scuba Charter),Dive Into Ambon,Ambon,,https://diveintoambon.com/,,,https://www.tripadvisor.com/Attraction_Review-g297606-d2396766-Reviews-Dive_Into_Ambon-Ambon_Maluku_Islands.html,,,,,,Indonesia Wave 2 Add,2025-08-14 02:17:29 UTC,
Indonesia,Maluku – Banda,Banda Islands,Operator (Scuba Charter),Blue Motion Banda,Banda Islands,,https://bluemotiondive.com/destinations/banda/,,,https://www.tripadvisor.com/Attraction_Review-g303701-d12240133-Reviews-Blue_Motion_Dive_Center-Banda_Neira_Maluku_Islands.html,,,,,,Indonesia Wave 2 Add,2025-08-14 02:17:29 UTC,
Indonesia,North Maluku – Halmahera,Weda Bay,Operator (Scuba Charter),Weda Reef & Rainforest Resort (Dive Center),Weda Bay,,https://wedaresort.com/,,,https://www.tripadvisor.com/Hotel_Review-g2347342-d1806650-Reviews-Weda_Resort-Halmahera_North_Maluku_Maluku_Islands.html,,,,,,Indonesia Wave 2 Add,2025-08-14 02:17:29 UTC,
Indonesia,East Kalimantan – Derawan/Maratua,Derawan,Operator (Scuba Charter),Derawan Dive Lodge (Scuba),Derawan,,https://www.scubajunkieseas.org/derawan-dive-lodge/,,,https://www.tripadvisor.com/Hotel_Review-g1599025-d7090583-Reviews-Scuba_Junkie_Derawan_Dive_Lodge-Derawan_Islands_East_Kalimantan_Kalimantan.html,,,,,,Indonesia Wave 2 Add,2025-08-14 02:17:29 UTC,
Indonesia,East Kalimantan – Derawan/Maratua,Maratua,Operator (Scuba Charter),Nunukan Island Resort (Extra Divers),Maratua,,https://www.nunukan-island-resort.com/,,,https://www.tripadvisor.com/Hotel_Review-g1599023-d449036-Reviews-Nunukan_Island_Resort-Maratua_Island_Derawan_Islands_East_Kalimantan_Kalimantan.html,,,,,,Indonesia Wave 2 Add,2025-08-14 02:17:29 UTC,
Indonesia,Bali – South Bali (Sanur),Sanur,Dive Shop,Diving Indo,Sanur,,https://www.diving-indo.com/,,,,,,,,Guided dives + boats,Indonesia Wave 3 Add,2025-08-14 02:21:25 UTC,
Indonesia,Bali – South Bali (Sanur),Sanur,Dive Shop,Bali Aqua Diving,Sanur,,https://www.baliaquadive.com/,,,,,,,,Guided dives + boats,Indonesia Wave 3 Add,2025-08-14 02:21:25 UTC,
Indonesia,Bali – South Bali (Sanur),Sanur,Dive Shop,Nico Dives Cool,Sanur,,https://www.nicodivescool.com/,,,,,,,,Guided dives + boats,Indonesia Wave 3 Add,2025-08-14 02:21:25 UTC,
Indonesia,Bali – Nusa Penida/Lembongan,Nusa Penida,Operator (Scuba Charter),Legend Diving Penida,Nusa Penida,,https://www.legenddivingpenida.com/,,,https://www.tripadvisor.com/Attraction_Review-g2538506-d12226974-Reviews-Legend_Diving_Penida-Nusa_Penida_Bali.html,,,,,,Indonesia Wave 3 Add,2025-08-14 02:21:25 UTC,
Indonesia,Bali – Nusa Penida/Lembongan,Nusa Penida,Dive Shop,Scuba Center Asia (Penida),Nusa Penida,,https://www.scubacenterasia.com/,,,https://www.tripadvisor.com/Attraction_Review-g2538506-d7221915-Reviews-Scuba_Center_Asia-Nusa_Penida_Bali.html,,,,,,Indonesia Wave 3 Add,2025-08-14 02:21:25 UTC,
Indonesia,Bali – Nusa Penida/Lembongan,Nusa Ceningan,Operator (Scuba Charter),Ceningan Divers,Nusa Ceningan,,https://ceningandivers.com/,,,,,,,,,Indonesia Wave 3 Add,2025-08-14 02:21:25 UTC,
Indonesia,Bali – Nusa Penida/Lembongan,Nusa Penida,Dive Shop,French Kiss Divers (Penida),Nusa Penida,,https://www.frenchkissdiving.com/nusa-penida/,,,,,,,,,Indonesia Wave 3 Add,2025-08-14 02:21:25 UTC,
Indonesia,Bali – Nusa Penida/Lembongan,Nusa Penida,Operator (Scuba Charter),Nomads Diving Penida,Nusa Penida,,https://nomadsdive.com/,,,,,,,,,Indonesia Wave 3 Add,2025-08-14 02:21:25 UTC,
Indonesia,Bali – Amed/Tulamben,Tulamben,Operator (Scuba Charter),Tauch Terminal Tulamben,Tulamben,,https://www.tauchterminal.com/,,,,,,,,Resort dive center,Indonesia Wave 3 Add,2025-08-14 02:21:25 UTC,
Indonesia,Bali – Amed/Tulamben,Amed,Dive Shop,Amed Sea Explorers,Amed,,https://www.amedseaexplorers.com/,,,,,,,,,Indonesia Wave 3 Add,2025-08-14 02:21:25 UTC,
Indonesia,Bali – Amed/Tulamben,Amed,Dive Shop,Euro Dive Amed,Amed,,https://eurodivebali.com/,,,,,,,,,Indonesia Wave 3 Add,2025-08-14 02:21:25 UTC,
Indonesia,Bali – Pemuteran/Menjangan,Pemuteran,Dive Shop,Zen Dive Bali (Pemuteran),Pemuteran,,https://www.zendivebali.com/,,,,,,,,,Indonesia Wave 3 Add,2025-08-14 02:21:25 UTC,
Indonesia,Bali – Pemuteran/Menjangan,Pemuteran,Operator (Scuba Charter),Abyss Ocean World (Pemuteran),Pemuteran,,https://www.abyss-ocean-world.com/,,,,,,,,,Indonesia Wave 3 Add,2025-08-14 02:21:25 UTC,
Indonesia,West Papua – Raja Ampat,Misool,Operator (Scuba Charter),Misool Resort (Dive Center),Misool,,https://www.misoolecoresort.com/,,,,,,,,Resort dive center,Indonesia Wave 3 Add,2025-08-14 02:21:25 UTC,
Indonesia,West Papua – Raja Ampat,Waigeo,Operator (Scuba Charter),Raja Ampat Dive Resort (Waigeo),Waigeo,,https://www.rajaampatdiveresort.com/,,,,,,,,,Indonesia Wave 3 Add,2025-08-14 02:21:25 UTC,
Indonesia,West Papua – Raja Ampat,Waigeo/Kri area,Operator (Scuba Charter),Scuba Republic Raja Ampat,Waigeo/Kri area,,https://www.scuba-republic.com/destinations/raja-ampat/,,,,,,,,,Indonesia Wave 3 Add,2025-08-14 02:21:25 UTC,
Indonesia,Lombok – Gili Islands,Gili Air,Dive Shop,Oceans 5 Gili Air,Gili Air,,https://www.oceans5dive.com/,,,https://www.tripadvisor.com/Attraction_Review-g664667-d2066806-Reviews-Oceans_5_Dive_Gili_Air-Gili_Air_Gili_Islands_Pemenang_Lombok_West_Nusa_Tenggara.html,,,,,,Indonesia Wave 3 Add,2025-08-14 02:21:25 UTC,
Indonesia,Lombok – Gili Islands,Gili Air,Dive Shop,Gili Air Divers,Gili Air,,https://giliairdivers.com/,,,,,,,,,Indonesia Wave 3 Add,2025-08-14 02:21:25 UTC,
Indonesia,North Sulawesi – Bunaken,Bunaken,Operator (Scuba Charter),Living Colours Diving Bunaken,Bunaken,,https://www.livingcolours.fi/,,,https://www.tripadvisor.com/Hotel_Review-g1071666-d637876-Reviews-Living_Colours_Diving_Resort-Bunaken_Island_Manado_North_Sulawesi_Sulawesi.html,,,,,,Indonesia Wave 3 Add,2025-08-14 02:21:25 UTC,
Indonesia,North Sulawesi – Bangka,Bangka/Sahaung,Operator (Scuba Charter),Blue Bay Divers (Bangka),Bangka/Sahaung,,https://www.bluebaydivers.de/en/,,,https://www.tripadvisor.com/Hotel_Review-g2204548-d1939474-Reviews-Blue_Bay_Divers-Bangka_North_Sulawesi_Sulawesi.html,,,,,,Indonesia Wave 3 Add,2025-08-14 02:21:25 UTC,
Indonesia,North Sulawesi – Lembeh Strait,Lembeh,Operator (Scuba Charter),Black Sand Dive Retreat,Lembeh,,https://www.blacksanddive.com/,,,,,,,,,Indonesia Wave 3 Add,2025-08-14 02:21:25 UTC,
Indonesia,North Sulawesi – Lembeh Strait,Lembeh,Operator (Scuba Charter),YOS Dive Lembeh (Eco Beach),Lembeh,,https://www.yosdivelembeh.com/,,,https://www.tripadvisor.com/Hotel_Review-g680020-d6612412-Reviews-YOS_Dive_Lembeh_Eco_Beach_Resort-Bitung_North_Sulawesi_Sulawesi.html,,,,,,Indonesia Wave 3 Add,2025-08-14 02:21:25 UTC,
Indonesia,North Sulawesi – Bangka,Gangga Island,Operator (Scuba Charter),Gangga Divers (Gangga Island Resort),Gangga Island,,https://www.ganggadivers.com/,,,https://www.tripadvisor.com/Hotel_Review-g1572975-d1083788-Reviews-Gangga_Island_Resort_Spa-Gangga_Island_North_Sulawesi_Sulawesi.html,,,,,Resort dive center,Indonesia Wave 3 Add,2025-08-14 02:21:25 UTC,
Indonesia,East Nusa Tenggara – Alor,Kepa Island / Alor,Operator (Scuba Charter),La P’tite Kepa (Dive Center),Kepa Island / Alor,,https://www.laptitekepa.com/,,,https://www.tripadvisor.com/Hotel_Review-g1600794-d4892077-Reviews-La_P_tite_Kepa-Alor_Island_East_Nusa_Tenggara.html,,,,,,Indonesia Wave 3 Add,2025-08-14 02:21:25 UTC,
Indonesia,Liveaboards – Indonesia (nationwide),Multiple (Komodo/Raja/Banda),Liveaboard,La Galigo Liveaboard,Multiple (Komodo/Raja/Banda),,https://www.lagaligoliveaboard.com/,,,https://www.tripadvisor.com/Attraction_Review-g297694-d10112207-Reviews-La_Galigo_Liveaboard-Bali.html,,,,,,Indonesia Wave 3 Add,2025-08-14 02:21:25 UTC,
Indonesia,Liveaboards – Indonesia (nationwide),Multiple (Komodo/Raja/Banda),Liveaboard,Samambaia Liveaboard,Multiple (Komodo/Raja/Banda),,https://www.samambaiacruises.com/,,,https://www.tripadvisor.com/Attraction_Review-g294226-d8820045-Reviews-Samambaia_Liveaboard-Bali.html,,,,,,Indonesia Wave 3 Add,2025-08-14 02:21:25 UTC,
Indonesia,Liveaboards – Indonesia (nationwide),Multiple (Komodo/Raja/Banda),Liveaboard,Tiaré Cruise,Multiple (Komodo/Raja/Banda),,https://www.tiarecruise.com/,,,https://www.tripadvisor.com/Attraction_Review-g294226-d8123480-Reviews-Tiare_Cruise-Bali.html,,,,,,Indonesia Wave 3 Add,2025-08-14 02:21:25 UTC,
Indonesia,Liveaboards – Indonesia (nationwide),Multiple (Bali/Komodo),Liveaboard,Adelaar Liveaboard,Multiple (Bali/Komodo),,https://www.adelaar-cruises.com/,,,https://www.tripadvisor.com/Attraction_Review-g297694-d6646898-Reviews-Adelaar_Cruises_Diving-Bali.html,,,,,,Indonesia Wave 3 Add,2025-08-14 02:21:25 UTC,
Indonesia,Liveaboards – Indonesia (nationwide),Multiple (Komodo/Raja/Banda),Liveaboard,Wallacea Dive Cruises (Ambai/Seahorse),Multiple (Komodo/Raja/Banda),,https://wallacea-divecruises.com/,,,https://www.tripadvisor.com/Attraction_Review-g608487-d8509437-Reviews-Wallacea_Dive_Cruises-Indonesia.html,,,,,,Indonesia Wave 3 Add,2025-08-14 02:21:25 UTC,
Indonesia,Bali – South Bali (Sanur),Sanur,Dive Shop,Bali Diving Academy (Sanur),Sanur,,https://www.balibali-diving.com/,,,,,,,,Guided dives + boats,Indonesia Wave 4 Add,2025-08-14 02:24:53 UTC,
Indonesia,Bali – South Bali (Sanur),Sanur,Dive Shop,Dune Bali (Atlantis) – Sanur,Sanur,"Jl. By Pass Ngurah Rai No.96E, Sanur, Bali 80228, Indonesia",https://atlantis-bali-diving.com/,+62 361 284 131,info@dune-bali.com,https://en.tripadvisor.com.hk/ShowUserReviews-g297700-d2143282-Atlantis_International_Bali-Sanur_Denpasar_Bali.html,,,,,Guided dives + boats,Indonesia Wave 4 Add; Enriched batch3; Enriched batch4,2025-08-14T03:19:29Z,https://www.atlantis-bali-diving.com/contact/
Indonesia,Bali – Nusa Penida/Lembongan,Nusa Penida,Operator (Scuba Charter),Scuba Junkie Penida,Nusa Penida,,https://scubajunkiepenida.com/,,,,,,,,,Indonesia Wave 4 Add,2025-08-14 02:24:53 UTC,
Indonesia,Bali – Nusa Penida/Lembongan,Nusa Penida,Operator (Scuba Charter),Newbro Dive Nusa Penida,Nusa Penida,,https://www.newbrodive.com/,,,,,,,,,Indonesia Wave 4 Add,2025-08-14 02:24:53 UTC,
Indonesia,Bali – Nusa Penida/Lembongan,Nusa Penida,Dive Shop,DPM Diving Bali (Penida),Nusa Penida,,https://dpmdiving.com/destination/bali-nusa-penida/,,,,,,,,,Indonesia Wave 4 Add,2025-08-14 02:24:53 UTC,
Indonesia,Bali – Amed/Tulamben,Amed,Dive Shop,Water WorxX Dive Center Amed,Amed,,https://waterworxx.com/,,,,,,,,,Indonesia Wave 4 Add,2025-08-14 02:24:53 UTC,
Indonesia,Bali – Amed/Tulamben,Amed,Dive Shop,Adventure Divers Bali (Amed),Amed,,https://adventurediversbali.com/,,,,,,,,,Indonesia Wave 4 Add,2025-08-14 02:24:53 UTC,
Indonesia,Bali – Padangbai/Candidasa,Padangbai,Operator (Scuba Charter),Baruna Divers Padang Bai,Padangbai,,https://barunadivers.com/,,,,,,,,,Indonesia Wave 4 Add,2025-08-14 02:24:53 UTC,
Indonesia,Lombok – Gili Islands,Gili Meno,Dive Shop,Manta Dive Gili Meno,Gili Meno,,https://www.mantadive.com/gili-meno/,,,,,,,,,Indonesia Wave 4 Add,2025-08-14 02:24:53 UTC,
Indonesia,Lombok – Gili Islands,Gili Meno,Dive Shop,Divine Divers Gili Meno,Gili Meno,,https://www.divinedivers.com/,,,,,,,,,Indonesia Wave 4 Add,2025-08-14 02:24:53 UTC,
Indonesia,Lombok – Gili Islands,Gili Trawangan,Dive Shop,DSM Dive Gili Trawangan,Gili Trawangan,,https://www.dsm-dive.com/,,,,,,,,,Indonesia Wave 4 Add,2025-08-14 02:24:53 UTC,
Indonesia,Lombok – Mainland,Sekotong/Secret Gilis,Operator (Scuba Charter),Odyssea Divers Sekotong (at Cocotinos),Sekotong/Secret Gilis,,https://odysseadivers.com/sekotong/,,,,,,,,,Indonesia Wave 4 Add,2025-08-14 02:24:53 UTC,
Indonesia,Flores – Komodo (Labuan Bajo),Labuan Bajo,Operator (Scuba Charter),Flores XP Adventure Diving,Labuan Bajo,,https://www.floresxp-adventure.com/komodo-diving/,,,,,,,,,Indonesia Wave 4 Add,2025-08-14 02:24:53 UTC,
Indonesia,Flores – Komodo (Labuan Bajo),Labuan Bajo,Operator (Scuba Charter),Red Whale Komodo,Labuan Bajo,,https://redwhalekomodo.com/,,,,,,,,,Indonesia Wave 4 Add,2025-08-14 02:24:53 UTC,
Indonesia,North Sulawesi – Bunaken,Bunaken,Operator (Scuba Charter),Bunaken Oasis Dive Resort (Dive Center),Bunaken,,https://www.bunakenoasis.com/,,,,,,,,Resort dive center,Indonesia Wave 4 Add,2025-08-14 02:24:53 UTC,
Indonesia,North Sulawesi – Lembeh Strait,Lembeh,Operator (Scuba Charter),Eco Divers Lembeh (White Sands),Lembeh,,https://www.eco-divers.com/lembeh-white-sands/,,,,,,,,,Indonesia Wave 4 Add,2025-08-14 02:24:53 UTC,
Indonesia,North Sulawesi – Bangka,Bangka Island,Operator (Scuba Charter),Coral Eye Bangka (Dive Center),Bangka Island,,https://www.coral-eye.com/,,,,,,,,,Indonesia Wave 4 Add,2025-08-14 02:24:53 UTC,
Indonesia,North Sulawesi – Lembeh Strait,Lembeh,Operator (Scuba Charter),Divers Lodge Lembeh,Lembeh,,https://www.diverslodgelembeh.com/,,,,,,,,,Indonesia Wave 4 Add,2025-08-14 02:24:53 UTC,
Indonesia,South Sulawesi – Bira,Bira,Operator (Scuba Charter),Bira Dive Camp,Bira,,https://biradivecamp.com/,,,,,,,,,Indonesia Wave 4 Add,2025-08-14 02:24:53 UTC,
Indonesia,South Sulawesi – Bira,Bira,Operator (Scuba Charter),Blue Planet Dive Bira,Bira,,https://www.blueplanetdiversbira.com/,,,,,,,,,Indonesia Wave 4 Add,2025-08-14 02:24:53 UTC,
Indonesia,Central Sulawesi – Togian Islands,Kadidiri,Operator (Scuba Charter),Black Marlin Dive (Togian),Kadidiri,,https://www.blackmarlindive.com/,,,,,,,,,Indonesia Wave 4 Add,2025-08-14 02:24:53 UTC,
Indonesia,Central Sulawesi – Togian Islands,Kadidiri,Operator (Scuba Charter),Kadidiri Paradise (Dive Center),Kadidiri,,https://www.kadidiriparadise.com/,,,,,,,,,Indonesia Wave 4 Add,2025-08-14 02:24:53 UTC,
Indonesia,West Papua – Triton Bay (Kaimana),Kaimana,Operator (Scuba Charter),Triton Bay Divers,Kaimana,,https://www.tritonbaydivers.com/,,,https://www.tripadvisor.com/Hotel_Review-g3732531-d7655899-Reviews-Triton_Bay_Divers-Kaimana_West_Papua.html,,,,,,Indonesia Wave 4 Add,2025-08-14 02:24:53 UTC,
Indonesia,East Kalimantan – Derawan/Maratua,Nabucco/Maratua,Operator (Scuba Charter),Nabucco Island Resort (Extra Divers),Nabucco/Maratua,,https://www.extradivers-worldwide.com/en/dive-centers/indonesia/nabucco-island-resort/,,,https://www.tripadvisor.com/Hotel_Review-g1599023-d1509407-Reviews-Nabucco_Island_Resort-Maratua_Island_Derawan_Islands_East_Kalimantan_Kalimantan.html,,,,,,Indonesia Wave 4 Add,2025-08-14 02:24:53 UTC,
Indonesia,Liveaboards – Indonesia (nationwide),Multiple (Komodo/Raja/Banda),Liveaboard,Carpe Diem Phinisi,Multiple (Komodo/Raja/Banda),,https://www.carpediem-phinisi.com/,,,,,,,,,Indonesia Wave 4 Add,2025-08-14 02:24:53 UTC,
Indonesia,Liveaboards – Indonesia (nationwide),Multiple (Komodo/Raja/Banda),Liveaboard,Prana by Atzaro,Multiple (Komodo/Raja/Banda),,https://pranabyatzaro.com/,,,,,,,,,Indonesia Wave 4 Add,2025-08-14 02:24:53 UTC,
Indonesia,Bali – Nusa Penida/Lembongan,Nusa Lembongan,Dive Shop,Bali Diving Academy (Lembongan),Nusa Lembongan,,https://www.balibali-diving.com/bali-diving-academy-nusa-lembongan/,,,,,,,,Guided dives + boats,Indonesia Wave 5 Add,2025-08-14 02:29:14 UTC,
Indonesia,Bali – Nusa Lembongan,Nusa Lembongan,Operator (Scuba Charter),Bali Hai Diving Adventures,Nusa Lembongan,,https://www.balihaidiving.com/,,,,,,,,,Indonesia Wave 5 Add,2025-08-14 02:29:14 UTC,
Indonesia,Bali – Nusa Penida/Lembongan,Nusa Penida,Operator (Scuba Charter),Nomads Diving Penida (2nd listing),Nusa Penida,,https://nomadsdive.com/,,,,,,,,Day boats; manta/mola,Indonesia Wave 5 Add,2025-08-14 02:29:14 UTC,
Indonesia,Bali – Amed/Tulamben,Tulamben,Operator (Scuba Charter),Tulamben Dive Center,Tulamben,,https://tulambendive.com/,,,,,,,,,Indonesia Wave 5 Add,2025-08-14 02:29:14 UTC,
Indonesia,Bali – Amed/Tulamben,Tulamben,Dive Shop,Dive Concepts – Tulamben,Tulamben,,https://diveconcepts.com/tulamben,,,,,,,,,Indonesia Wave 5 Add,2025-08-14 02:29:14 UTC,
Indonesia,Bali – Amed/Tulamben,Amed,Dive Shop,Dive Concepts – Amed,Amed,,https://diveconcepts.com/amed,,,,,,,,,Indonesia Wave 5 Add,2025-08-14 02:29:14 UTC,
Indonesia,North Sulawesi – Manado/Bunaken,Manado,Operator (Scuba Charter),LumbaLumba Diving Manado,Manado,,https://www.lumbalumbadiving.com/,,,https://www.tripadvisor.co.nz/Hotel_Review-g680020-d1218569-Reviews-NAD_Lembeh_Resort-Bitung_North_Sulawesi_Sulawesi.html,,,,,,Indonesia Wave 5 Add,2025-08-14 02:29:14 UTC,
Indonesia,North Sulawesi – Bunaken,Bunaken,Operator (Scuba Charter),Bastianos Dive Resort – Bunaken (Dive Center),Bunaken,,https://www.bastianos.com/bunaken/,,,,,,,,Resort dive center,Indonesia Wave 5 Add,2025-08-14 02:29:14 UTC,
Indonesia,North Sulawesi – Lembeh Strait,Lembeh,Operator (Scuba Charter),Bastianos Dive Resort – Lembeh (Dive Center),Lembeh,,https://www.bastianos.com/lembeh/,,,,,,,,Resort dive center,Indonesia Wave 5 Add,2025-08-14 02:29:14 UTC,
Indonesia,North Sulawesi – Bunaken,Bunaken,Operator (Scuba Charter),Cha Cha Nature Resort (Dive Center),Bunaken,,https://chacha-bunaken.com/,,,,,,,,Resort dive center,Indonesia Wave 5 Add,2025-08-14 02:29:14 UTC,
Indonesia,West Papua – Raja Ampat,Waigeo,Operator (Scuba Charter),Papua Explorers (Dive Center),Waigeo,,https://www.papuaexplorers.com/,,,,,,,,Resort dive center,Indonesia Wave 5 Add,2025-08-14 02:29:14 UTC,
Indonesia,West Papua – Raja Ampat,Yeben/Cove area,Operator (Scuba Charter),Cove Eco Resort (Dive Center),Yeben/Cove area,,https://www.coveecoresort.com/,,,,,,,,Resort dive center,Indonesia Wave 5 Add,2025-08-14 02:29:14 UTC,
Indonesia,Central Sulawesi – Togian Islands,Una Una,Operator (Scuba Charter),Sanctum Una Una (Dive Resort),Una Una,,https://sanctumdiveindonesia.com/una-una/,,,,,,,,,Indonesia Wave 5 Add,2025-08-14 02:29:14 UTC,
Indonesia,Liveaboards – Indonesia (nationwide),Multiple (Komodo/Raja/Banda),Liveaboard,Seven Seas Indonesia,Multiple (Komodo/Raja/Banda),,https://thesevenseas.net/,,,https://www.tripadvisor.com/Attraction_Review-g294226-d11845632-Reviews-The_Seven_Seas_Indonesia-Bali.html,,,,,,Indonesia Wave 5 Add,2025-08-14 02:29:14 UTC,
Indonesia,Liveaboards – Indonesia (nationwide),Multiple (Raja/Banda/Komodo),Liveaboard,Sea Safari Cruises (Sea Safari VII etc.),Multiple (Raja/Banda/Komodo),,https://www.seasafaricruises.com/,,,https://www.tripadvisor.com/Attraction_Review-g297694-d15568371-Reviews-Sea_Safari_Cruises-Bali.html,,,,,,Indonesia Wave 5 Add,2025-08-14 02:29:14 UTC,
Indonesia,Liveaboards – Indonesia (nationwide),Multiple (Raja/Banda/Komodo),Liveaboard,Pindito Liveaboard,Multiple (Raja/Banda/Komodo),,https://www.pindito.com/,,,https://www.tripadvisor.com/Attraction_Review-g469404-d12282000-Reviews-Pindito_Liveaboard-Labuan_Bajo_Flores_East_Nusa_Tenggara.html,,,,,,Indonesia Wave 5 Add,2025-08-14 02:29:14 UTC,
Indonesia,Liveaboards – Indonesia (nationwide),Multiple (Raja/Banda/Komodo),Liveaboard,Wisesa Liveaboard,Multiple (Raja/Banda/Komodo),,https://wisesa-liveaboard.com/,,,https://www.tripadvisor.com/Attraction_Review-g469404-d8483143-Reviews-Wisesa_Liveaboard-Labuan_Bajo_Flores_East_Nusa_Tenggara.html,,,,,,Indonesia Wave 5 Add,2025-08-14 02:29:14 UTC,
Indonesia,Liveaboards – Indonesia (nationwide),Multiple (Raja/Banda/Komodo),Liveaboard,Calico Jack Liveaboard,Multiple (Raja/Banda/Komodo),,https://www.calicojackcharters.com/,,,https://www.tripadvisor.com/Attraction_Review-g294226-d13803951-Reviews-Calico_Jack_Charters-Bali.html,,,,,,Indonesia Wave 5 Add,2025-08-14 02:29:14 UTC,
Indonesia,Liveaboards – Indonesia (nationwide),Multiple (Raja/Banda/Komodo),Liveaboard,El Aleph Yacht (scuba charters),Multiple (Raja/Banda/Komodo),,https://www.elaleph.com/,,,https://www.tripadvisor.com/Attraction_Review-g294226-d7092925-Reviews-El_Aleph-Yogyakarta_Region_Java.html,,,,,Private charter capable of scuba,Indonesia Wave 5 Add,2025-08-14 02:29:14 UTC,
Indonesia,Liveaboards – Indonesia (nationwide),Multiple (Raja/Banda/Komodo),Liveaboard,Euphoria Liveaboard,Multiple (Raja/Banda/Komodo),,https://www.euphoria-liveaboard.com/,,,https://www.tripadvisor.com/Attraction_Review-g608487-d12867414-Reviews-Euphoria_Liveaboard-Indonesia.html,,,,,,Indonesia Wave 5 Add,2025-08-14 02:29:14 UTC,
