Country,Name,Type,Atoll,Island/City,Business_Address,Website,Email,Phone,Explicit_Scuba,Verified_On,TA_URL,Google_Maps_URL,Sources,TA_Rating,TA_Reviews,Google_Rating,Google_Reviews,Ratings_AsOf,Rating_Notes
Maldives,Prodivers Kuredu,Land,Lhaviyani,Kuredu Island,"Kuredu Resort & Spa, Lhaviyani Atoll, Maldives",https://www.prodivers.com/kuredu-dive-centre-maldives/,kuredu@prodivers.com,,Yes,2025-08-23,https://www.tripadvisor.com/Search?q=Prodivers+Kuredu+Maldives,https://www.google.com/maps/search/?api=1&query=Prodivers+Kuredu+Maldives,Prodivers site & PADI,,,,,,
Maldives,Prodivers Hurawalhi,Land,Lhaviyani,Hurawalhi,"Hurawalhi Island Resort, Lhaviyani Atoll, Maldives",https://www.prodivers.com/hurawalhi-dive-center-maldives/,hurawalhi@prodivers.com,,Yes,2025-08-23,https://www.tripadvisor.com/Search?q=Prodivers+Hurawalhi+Maldives,https://www.google.com/maps/search/?api=1&query=Prodivers+Hurawalhi+Maldives,Prodivers site & PADI,,,,,,
Maldives,Prodivers Komandoo,Land,Lhaviyani,Komandoo,"Komandoo Island Resort, Lhaviyani Atoll, Maldives",https://www.prodivers.com/komandoo-dive-center-maldives/,komandoo@prodivers.com,,Yes,2025-08-23,https://www.tripadvisor.com/Search?q=Prodivers+Komandoo+Maldives,https://www.google.com/maps/search/?api=1&query=Prodivers+Komandoo+Maldives,Prodivers site & PADI,,,,,,
Maldives,Euro-Divers Meeru,Land,North Malé,Meeru Island,"Meeru Maldives Resort Island, North Malé Atoll, Maldives",https://www.euro-divers.com/meeru-maldives-dive-water-sport-centre/,meeru@euro-divers.com,,Yes,2025-08-23,https://www.tripadvisor.com/Search?q=Euro-Divers+Meeru+Maldives,https://www.google.com/maps/search/?api=1&query=Euro-Divers+Meeru+Maldives,Euro-Divers site,5.0,296,,,2025-08-23,TripAdvisor count via mirror
Maldives,Euro-Divers Vilamendhoo,Land,South Ari,Vilamendhoo,"Vilamendhoo Island Resort & Spa, South Ari Atoll, Maldives",https://www.euro-divers.com/dive-water-sport-centre-vilamendhoo-maldives/,vilamendhoo@euro-divers.com,,Yes,2025-08-23,https://www.tripadvisor.com/Search?q=Euro-Divers+Vilamendhoo+Maldives,https://www.google.com/maps/search/?api=1&query=Euro-Divers+Vilamendhoo+Maldives,Euro-Divers site,,,,,,
Maldives,Liquid Salt Divers (Dharavandhoo),Land,Baa,Dharavandhoo,"Dhigu Magu, Dharavandhoo, Baa Atoll, Maldives",https://www.liquidsaltdivers.com/,dive@liquidsaltdivers.com,,Yes,2025-08-23,https://www.tripadvisor.com/Search?q=Liquid+Salt+Divers+%28Dharavandhoo%29+Maldives,https://www.google.com/maps/search/?api=1&query=Liquid+Salt+Divers+%28Dharavandhoo%29+Maldives,Operator site,,,,,,
Maldives,Fuvahmulah Dive School,Land,Gnaviyani,Fuvahmulah,"Dhoodigan, Bandharu, Kuleebin, Gn. Fuvahmulah, Maldives",https://www.fuvahmulahdive.com/,info@fuvahmulahdive.com,,Yes,2025-08-23,https://www.tripadvisor.com/Search?q=Fuvahmulah+Dive+School+Maldives,https://www.google.com/maps/search/?api=1&query=Fuvahmulah+Dive+School+Maldives,Operator site,,,,,,
Maldives,Ocean Junkies (Hulhumalé),Land,North Malé,Hulhumalé,"Lot 11105, Nirolhu Magu – Goalhi 21, Hulhumalé 23000, Maldives",https://www.oceanjunkies.com.mv/,info@oceanjunkies.com.mv,,Yes,2025-08-23,https://www.tripadvisor.com/Search?q=Ocean+Junkies+%28Hulhumal%C3%A9%29+Maldives,https://www.google.com/maps/search/?api=1&query=Ocean+Junkies+%28Hulhumal%C3%A9%29+Maldives,Operator site,5.0,81,,,2025-08-23,TripAdvisor count via mirror
Maldives,Dive Club Maldives (Malé/Hulhumalé),Land,North Malé,Malé / Hulhumalé,"H. Victory Lodge, 1st Floor, Karankaa Magu, Malé 20081, Maldives",https://diveclubmaldives.com/,info@diveclubmaldives.com,,Yes,2025-08-23,https://www.tripadvisor.com/Search?q=Dive+Club+Maldives+%28Mal%C3%A9%2FHulhumal%C3%A9%29+Maldives,https://www.google.com/maps/search/?api=1&query=Dive+Club+Maldives+%28Mal%C3%A9%2FHulhumal%C3%A9%29+Maldives,Operator site,4.8,395,,,2025-08-23,TripAdvisor attraction page snapshot
Maldives,DivePoint Maldives – Guraidhoo,Land,South Malé,Guraidhoo,"Silincoa, K. Guraidhoo, South Malé Atoll, Maldives",https://divepoint-maldives.com/,info@divepoint-maldives.com,,Yes,2025-08-23,https://www.tripadvisor.com/Search?q=DivePoint+Maldives+%E2%80%93+Guraidhoo+Maldives,https://www.google.com/maps/search/?api=1&query=DivePoint+Maldives+%E2%80%93+Guraidhoo+Maldives,Operator site,,,,,,
Maldives,Jerry’s Dive Club (Rasdhoo),Land,Alif Alif (Rasdhoo),Rasdhoo,"Cooperation Rd, 09020 Rasdhoo, Alif Alif Atoll, Maldives",https://jerrysdiveclub.com/,hello@jerrysdiveclub.com,,Yes,2025-08-23,https://www.tripadvisor.com/Search?q=Jerry%E2%80%99s+Dive+Club+%28Rasdhoo%29+Maldives,https://www.google.com/maps/search/?api=1&query=Jerry%E2%80%99s+Dive+Club+%28Rasdhoo%29+Maldives,Operator site,,149,,,2025-08-23,TA regional page review count
Maldives,Alihuras Rasdhoo Dive & Excursions Center,Land,Alif Alif (Rasdhoo),Rasdhoo,"Samrock, Bodumagu, AA. Rasdhoo, 09020, Maldives",https://alihurasrasdhoodive.com/,alihuras.rasdhoo@gmail.com,,Yes,2025-08-23,https://www.tripadvisor.com/Search?q=Alihuras+Rasdhoo+Dive+%26+Excursions+Center+Maldives,https://www.google.com/maps/search/?api=1&query=Alihuras+Rasdhoo+Dive+%26+Excursions+Center+Maldives,Operator site,,,,,,
Maldives,Rasdhoo Atoll Divers (Kuramathi),Land,Alif Alif (Rasdhoo),Kuramathi,"Kuramathi Island Resort, Rasdhoo Atoll, Maldives",https://www.padi.com/dive-center/maldives/rasdhoo-atoll-divers/,diveschool@kuramathi.com,,Yes,2025-08-23,https://www.tripadvisor.com/Search?q=Rasdhoo+Atoll+Divers+%28Kuramathi%29+Maldives,https://www.google.com/maps/search/?api=1&query=Rasdhoo+Atoll+Divers+%28Kuramathi%29+Maldives,PADI,,,,,,
Maldives,Oceanholic Divers (Dhigurah),Land,South Ari,Dhigurah,"A.Dh. Dhigurah, South Ari Atoll, Maldives",https://oceanholicmaldives.com/,reehan@oceanholicmaldives.com,,Yes,2025-08-23,https://www.tripadvisor.com/Search?q=Oceanholic+Divers+%28Dhigurah%29+Maldives,https://www.google.com/maps/search/?api=1&query=Oceanholic+Divers+%28Dhigurah%29+Maldives,Operator site,,,,,,
Maldives,Fulidhoo Dive & Water Sports,Land,Vaavu (Felidhoo),Fulidhoo,"Muraka Building, Beachside, Fulidhoo Island, Vaavu Atoll 10010, Maldives",https://www.fulidhoodive.com/,hello@fulidhoodive.com,+960 799-9351,Yes,2025-08-23,https://www.tripadvisor.com/Search?q=Fulidhoo+Dive+%26+Water+Sports+Maldives,https://www.google.com/maps/search/?api=1&query=Fulidhoo+Dive+%26+Water+Sports+Maldives,Operator site,5.0,69,4.9,174,2025-08-23,Google & TA counts via Wanderlog; verify on primary pages.
Maldives,Maafushi Dive & Watersports (Maafushi Dive Center),Land,Kaafu (South Malé),Maafushi,"Gulfaam Villa, K. Maafushi, 08090, Maldives",https://www.maafushidive.com/,info@maafushidive.com,+960 991-1116,Yes,2025-08-23,https://www.tripadvisor.com/Search?q=Maafushi+Dive+%26+Watersports+%28Maafushi+Dive+Center%29+Maldives,https://www.google.com/maps/search/?api=1&query=Maafushi+Dive+%26+Watersports+%28Maafushi+Dive+Center%29+Maldives,Operator site,,,4.7,301,2025-08-23,Google via Wanderlog; TA aggregate not captured reliably.
Maldives,Ocean Dimensions – Kihaa Maldives,Land,Baa,Kihaadhuffaru,"Kihaa Maldives Resort, Baa Atoll, Maldives",http://www.oceandimensions.com/,info@oceandimensions.com,+960 772-9972,Yes,2025-08-23,https://www.tripadvisor.com/Search?q=Ocean+Dimensions+%E2%80%93+Kihaa+Maldives+Maldives,https://www.google.com/maps/search/?api=1&query=Ocean+Dimensions+%E2%80%93+Kihaa+Maldives+Maldives,PADI / Operator,,,,,,
Maldives,Dive Butler – Amilla,Land,Baa,Amilla,"Amilla Maldives, Baa Atoll, Maldives",https://amilla.dive-butler.com/,silvio@amilla.com,+960 660-6499,Yes,2025-08-23,https://www.tripadvisor.com/Search?q=Dive+Butler+%E2%80%93+Amilla+Maldives,https://www.google.com/maps/search/?api=1&query=Dive+Butler+%E2%80%93+Amilla+Maldives,PADI / Operator,,,,,,
Maldives,TGI Alimatha Diving Center,Land,Vaavu (Felidhoo),Alimatha,"Alimatha Resort, Vaavu Atoll, Maldives",https://www.tgimaldives.com/alimatha/,alimatha@tgimaldives.com,+960 670-0575,Yes,2025-08-23,https://www.tripadvisor.com/Search?q=TGI+Alimatha+Diving+Center+Maldives,https://www.google.com/maps/search/?api=1&query=TGI+Alimatha+Diving+Center+Maldives,Operator site,4.9,7,,,2025-08-23,TA Vaavu category page 4.9/7.
Maldives,Sea Star Diving – Thulusdhoo,Land,Kaafu (North Malé),Thulusdhoo,"Happy Park, Thulusdhoo, North Malé 08040, Maldives",http://www.seastarsdiving.com,seastarsdiving@gmail.com,+960 910-1313,Yes,2025-08-23,https://www.tripadvisor.com/Search?q=Sea+Star+Diving+%E2%80%93+Thulusdhoo+Maldives,https://www.google.com/maps/search/?api=1&query=Sea+Star+Diving+%E2%80%93+Thulusdhoo+Maldives,PADI / Operator,,37,,,2025-08-23,TA page shows 'Read all 37 reviews'; star agg not visible.
Maldives,Euro‑Divers – Kurumba,Land,Kaafu (North Malé),Vihamanaafushi (Kurumba),"Kurumba Maldives, North Malé Atoll 08340, Maldives",https://www.euro-divers.com/kurumba-maldives-dive-centre/,kurumba@euro-divers.com,+960 664-2324,Yes,2025-08-23,https://www.tripadvisor.com/Search?q=Euro%E2%80%91Divers+%E2%80%93+Kurumba+Maldives,https://www.google.com/maps/search/?api=1&query=Euro%E2%80%91Divers+%E2%80%93+Kurumba+Maldives,Operator site,4.8,168,4.8,18,2025-08-23,TA regional page 4.8/168; Google via Wanderlog.
Maldives,Euro‑Divers – Eriyadu,Land,Kaafu (North Malé),Eriyadu,"Eriyadu Island Resort, North Malé Atoll, Maldives",https://www.euro-divers.com/dive-centre-eriyadu-island-resort/,eriyadu@euro-divers.com,+960 790-3641,Yes,2025-08-23,https://www.tripadvisor.com/Search?q=Euro%E2%80%91Divers+%E2%80%93+Eriyadu+Maldives,https://www.google.com/maps/search/?api=1&query=Euro%E2%80%91Divers+%E2%80%93+Eriyadu+Maldives,Operator site,4.9,214,,,2025-08-23,TA regional page 4.9/214.
Maldives,Dive Kingdom International – Ayada,Land,Gaafu Dhaalu,Ayada (Magudhdhuvaa),"Ayada Maldives, Magudhdhuvaa, Gaafu Dhaalu Atoll, Maldives",http://www.divekingdom.com,info@divekingdom.com,+960 773-8369,Yes,2025-08-23,https://www.tripadvisor.com/Search?q=Dive+Kingdom+International+%E2%80%93+Ayada+Maldives,https://www.google.com/maps/search/?api=1&query=Dive+Kingdom+International+%E2%80%93+Ayada+Maldives,PADI / Operator,5.0,11,,,2025-08-23,TA regional page 5.0/11.
Maldives,Big Blue Divers – Rasdhoo,Land,Alif Alif (North Ari),Rasdhoo,"Ghazeemagu, Rasdhoo Island, Alif Alif (AA) Atoll, Maldives",https://www.bigbluediversmaldives.com/,bigbluediversrasdhoo@gmail.com,+960 977-4604,Yes,2025-08-23,https://www.tripadvisor.com/Search?q=Big+Blue+Divers+%E2%80%93+Rasdhoo+Maldives,https://www.google.com/maps/search/?api=1&query=Big+Blue+Divers+%E2%80%93+Rasdhoo+Maldives,PADI / Operator,5.0,22,5.0,75,2025-08-23,Google & TA via Wanderlog snapshot.
Maldives,Dive Bandos – Bandos Maldives,Land,Kaafu (North Malé),Bandos,"Bandos Maldives, North Malé Atoll, Maldives",https://bandosmaldives.com/diving/,resv@bandos.com.mv,+960 664-0088,Yes,2025-08-23,https://www.tripadvisor.com/Search?q=Dive+Bandos+%E2%80%93+Bandos+Maldives+Maldives,https://www.google.com/maps/search/?api=1&query=Dive+Bandos+%E2%80%93+Bandos+Maldives+Maldives,PADI / Resort site,,,,,2025-08-23,No dedicated TA dive-center page; resort-level reviews exist; not entered in center fields.
Maldives,Emperor Explorer,Liveaboard,Fleet,Malé (embarkation),Emperor Divers (HQ); Maldives embark: Malé,https://www.emperordivers.com/liveaboard-boat/emperor-explorer/,reservations@emperordivers.com,Operator site,Yes,2025-08-23,https://www.tripadvisor.com/Search?q=Emperor+Explorer+Maldives,https://www.google.com/maps/search/?api=1&query=Emperor+Explorer+Maldives,,,,,,,
Maldives,Emperor Serenity,Liveaboard,Fleet,Malé (embarkation),Emperor Divers (HQ); Maldives embark: Malé,https://www.emperordivers.com/liveaboard-boat/emperor-serenity/,reservations@emperordivers.com,Operator site,Yes,2025-08-23,https://www.tripadvisor.com/Search?q=Emperor+Serenity+Maldives,https://www.google.com/maps/search/?api=1&query=Emperor+Serenity+Maldives,,,,,,,
Maldives,Emperor Leo,Liveaboard,Fleet,Malé (embarkation),Emperor Divers (HQ); Maldives embark: Malé,https://www.emperordivers.com/liveaboard-boat/emperor-leo/,reservations@emperordivers.com,Operator site,Yes,2025-08-23,https://www.tripadvisor.com/Search?q=Emperor+Leo+Maldives,https://www.google.com/maps/search/?api=1&query=Emperor+Leo+Maldives,,,,,,,
Maldives,Carpe Vita,Liveaboard,Fleet,Malé (embarkation),"Carpe Diem Maldives Pvt. Ltd., H. Coalfield 1st Floor/B, Kalhuhuraa Magu, Malé 20085, Maldives",https://www.carpediemmaldives-cruises.com/boats/carpe-vita,info@carpediemmaldives-cruises.com,Operator site,Yes,2025-08-23,https://www.tripadvisor.com/Search?q=Carpe+Vita+Maldives,https://www.google.com/maps/search/?api=1&query=Carpe+Vita+Maldives,,,,,,,
Maldives,Carpe Novo,Liveaboard,Fleet,Malé (embarkation),"Carpe Diem Maldives Pvt. Ltd., H. Coalfield 1st Floor/B, Kalhuhuraa Magu, Malé 20085, Maldives",https://www.carpediemmaldives-cruises.com/boats/carpe-novo,info@carpediemmaldives-cruises.com,Operator site,Yes,2025-08-23,https://www.tripadvisor.com/Search?q=Carpe+Novo+Maldives,https://www.google.com/maps/search/?api=1&query=Carpe+Novo+Maldives,,,,,,,
Maldives,Scubaspa Ying,Liveaboard,Fleet,Malé (embarkation),"Scubaspa Global Operations FZCO, Dubai Digital Park, Dubai Silicon Oasis, UAE (embark: Malé)",https://scubaspa.com/,sales@scubaspa.com,Operator site,Yes,2025-08-23,https://www.tripadvisor.com/Search?q=Scubaspa+Ying+Maldives,https://www.google.com/maps/search/?api=1&query=Scubaspa+Ying+Maldives,,,,,,,
Maldives,Scubaspa Yang,Liveaboard,Fleet,Malé (embarkation),"Scubaspa Global Operations FZCO, Dubai Digital Park, Dubai Silicon Oasis, UAE (embark: Malé)",https://scubaspa.com/,sales@scubaspa.com,Operator site,Yes,2025-08-23,https://www.tripadvisor.com/Search?q=Scubaspa+Yang+Maldives,https://www.google.com/maps/search/?api=1&query=Scubaspa+Yang+Maldives,,,,,,,
Maldives,Blue Voyager (Maldives Master),Liveaboard,Fleet,Malé (embarkation),"Master Liveaboards, 30 Gay Street, Bath BA1 2PA, UK (vessel in Maldives)",https://masterliveaboards.com/boats/blue-voyager/,dive@masterliveaboards.com,Operator site,Yes,2025-08-23,https://www.tripadvisor.com/Search?q=Blue+Voyager+%28Maldives+Master%29+Maldives,https://www.google.com/maps/search/?api=1&query=Blue+Voyager+%28Maldives+Master%29+Maldives,,,,,,,
Maldives,Maldives Master,Liveaboard,Fleet,Malé (embarkation),"Master Liveaboards, 30 Gay Street, Bath BA1 2PA, UK (vessel in Maldives)",https://masterliveaboards.com/boats/maldives-master/,dive@masterliveaboards.com,Operator site,Yes,2025-08-23,https://www.tripadvisor.com/Search?q=Maldives+Master+Maldives,https://www.google.com/maps/search/?api=1&query=Maldives+Master+Maldives,,,,,,,
Maldives,Blue Force One,Liveaboard,Fleet,Malé (embarkation),"Maldives Blue Force Pvt Ltd, Ameen Avenue (Oak A909), Hulhumalé/Malé, Maldives",https://www.blueforcefleet.com/boats/maldives-blue-force-one/,info@blueforcefleet.com,Operator site,Yes,2025-08-23,https://www.tripadvisor.com/Search?q=Blue+Force+One+Maldives,https://www.google.com/maps/search/?api=1&query=Blue+Force+One+Maldives,,,,,,,
Maldives,Blue Force 3,Liveaboard,Fleet,Malé (embarkation),"Maldives Blue Force Pvt Ltd, Ameen Avenue (Oak A909), Hulhumalé/Malé, Maldives",https://www.blueforcefleet.com/maldives-diving/,info@blueforcefleet.com,Operator site,Yes,2025-08-23,https://www.tripadvisor.com/Search?q=Blue+Force+3+Maldives,https://www.google.com/maps/search/?api=1&query=Blue+Force+3+Maldives,,,,,,,
Maldives,Maldives Aggressor II,Liveaboard,Fleet,Malé (embarkation),"Aggressor Adventures, 209 Hudson Trace, Augusta, GA 30907, USA (embark: Malé)",https://www.aggressor.com/destination/maldives,maldives@aggressor.com,Operator site,Yes,2025-08-23,https://www.tripadvisor.com/Search?q=Maldives+Aggressor+II+Maldives,https://www.google.com/maps/search/?api=1&query=Maldives+Aggressor+II+Maldives,,,,,,,
Maldives,Adora (Maldives Boat Club),Liveaboard,Fleet,Malé (embarkation),"Maldives Boat Club Pvt Ltd, Lot 10105, Ground Floor, Dhigga Magu, Malé 20292, Maldives",https://www.maldivesboatclub.com/adora/,info@maldivesboatclub.com,Operator site,Yes,2025-08-23,https://www.tripadvisor.com/Search?q=Adora+%28Maldives+Boat+Club%29+Maldives,https://www.google.com/maps/search/?api=1&query=Adora+%28Maldives+Boat+Club%29+Maldives,,,,,,,
Maldives,Honors Legacy,Liveaboard,Fleet,Malé (embarkation),"H. Mehelige 4/3, 03rd Floor, Kurangi Goalhi, Malé, Maldives",https://honorslegacy.com/honors-legacy/,sales@honorsholidays.com,Operator site & PADI,Yes,2025-08-23,https://www.tripadvisor.com/Search?q=Honors+Legacy+Maldives,https://www.google.com/maps/search/?api=1&query=Honors+Legacy+Maldives,,,,,,,
Maldives,White Pearl (Pearl Fleet),Liveaboard,Fleet,Malé (embarkation),"Ma. Blue Flower, Ground Floor, Kaaminee Magu, Malé, Maldives",https://pearlfleet.org/white-pearl/,info@pearlfleet.org,Operator site & PADI,Yes,2025-08-23,https://www.tripadvisor.com/Search?q=White+Pearl+%28Pearl+Fleet%29+Maldives,https://www.google.com/maps/search/?api=1&query=White+Pearl+%28Pearl+Fleet%29+Maldives,,,,,,,
