Country,Region/Island,Area,Business Name,Type,City/Island,Address,Website,Phone,Email,TripAdvisor URL,TA_Bubbles(5=Excellent),TA_Review_Count,Google_Stars_FirstParty,Google_Stars_Source_URL,Notes/Tags,Status,Last Checked (UTC),Contact_Source_URL
Mexico,Baja California Sur – Cabo Pulmo,Cabo Pulmo,Cabo Pulmo Beach Resort – Dive Center,Operator (Scuba Charter),Cabo Pulmo,,https://www.cabopulmo.com/,,,,,,,,Resort dive center,Mexico Wave 1 Seed,2025-08-14 00:46:44 UTC,
Mexico,Baja California Sur – Cabo Pulmo,Cabo Pulmo,Cabo Pulmo Divers,Operator (Scuba Charter),Cabo Pulmo,,https://cabopulmodivers.com/,,,,,,,,,Mexico Wave 1 Seed,2025-08-14 00:46:44 UTC,
Mexico,Baja California Sur – Cabo Pulmo,Cabo Pulmo,Cabo Pulmo Diving,Operator (Scuba Charter),Cabo Pulmo,,https://cabopulmodiving.com/,,,,,,,,,Mexico Wave 2 Add,2025-08-14 00:53:00 UTC,
Mexico,Baja California Sur – Cabo Pulmo,Cabo Pulmo,Cabo Pulmo Sport Center,Operator (Scuba Charter),Cabo Pulmo,,https://www.cabopulmosportcenter.com/,,,,,,,,,Mexico Wave 1 Seed,2025-08-14 00:46:44 UTC,
Mexico,Baja California Sur – Cabo Pulmo,Cabo Pulmo,Cabo Pulmo Watersports,Operator (Scuba Charter),Cabo Pulmo,,https://cabopulmowatersports.com/,,,,,,,,,Mexico Wave 2 Add,2025-08-14 00:53:00 UTC,
Mexico,Baja California Sur – Cabo San Lucas,Cabo San Lucas,Cabo Adventures (Scuba),Operator (Scuba Charter),Cabo San Lucas,,https://www.cabo-adventures.com/en/tour/scuba-diving/,,,,,,,,Explicit scuba tours,Mexico Wave 1 Seed,2025-08-14 00:46:44 UTC,
Mexico,Baja California Sur – Cabo San Lucas,Cabo San Lucas,Cabo Private Guide (Scuba),Operator (Scuba Charter),Cabo San Lucas,,https://caboprivateguide.com/,,,,,,,,,Mexico Wave 3 Add,2025-08-14 00:58:06 UTC,
Mexico,Baja California Sur – Cabo San Lucas,Cabo San Lucas,Cabo Trek (Scuba),Operator (Scuba Charter),Cabo San Lucas,,https://cabowhalewatching.org/scuba-diving/,,,,,,,,Explicit scuba page,Mexico Wave 4 Add,2025-08-14 01:06:02 UTC,
Mexico,Baja California Sur – Cabo San Lucas,Cabo San Lucas,Dive Cabo,Operator (Scuba Charter),Cabo San Lucas,,https://www.divecabo.com/,,,,,,,,,Mexico Wave 1 Seed,2025-08-14 00:46:44 UTC,
Mexico,Baja California Sur – Cabo San Lucas,Cabo San Lucas,Dive Ninja Expeditions,Operator (Scuba Charter),Cabo San Lucas,,https://www.diveninjaexpeditions.com/,,,,,,,,,Mexico Wave 2 Add,2025-08-14 00:53:00 UTC,
Mexico,Baja California Sur – Cabo San Lucas,Cabo San Lucas,Manta Scuba Diving,Operator (Scuba Charter),Cabo San Lucas,,https://mantacabo.com/,,,,,,,,,Mexico Wave 1 Seed,2025-08-14 00:46:44 UTC,
Mexico,Baja California Sur – Cabo San Lucas,Cabo San Lucas,Nautilus Dive Tech,Operator (Scuba Charter),Cabo San Lucas,,https://nautilusdivetech.com/,,,,,,,,,Mexico Wave 1 Seed,2025-08-14 00:46:44 UTC,
Mexico,Baja California Sur – Cabo San Lucas,Cabo San Lucas,Pisces Dive Shop,Operator (Scuba Charter),Cabo San Lucas,,https://piscesdiveshop.com/,,,,,,,,,Mexico Wave 2 Add,2025-08-14 00:53:00 UTC,
Mexico,Baja California Sur – La Paz,La Paz,Baja Diving & Service,Operator (Scuba Charter),La Paz,,https://bajadiving.com/,,,,,,,,,Mexico Wave 5 Add,2025-08-14 01:20:26 UTC,
Mexico,Baja California Sur – La Paz,La Paz,Baja Expeditions (Scuba),Operator (Scuba Charter),La Paz,,https://bajaex.com/,,,,,,,,,Mexico Wave 4 Add,2025-08-14 01:06:02 UTC,
Mexico,Baja California Sur – La Paz,La Paz,Club Cantamar – Dive Center,Operator (Scuba Charter),La Paz,,https://clubcantamar.com/,,,,,,,,Resort-based dive operation,Mexico Wave 4 Add,2025-08-14 01:06:02 UTC,
Mexico,Baja California Sur – La Paz,La Paz,Cortez Expeditions,Operator (Scuba Charter),La Paz,,https://cortezexpeditions.com/,,,,,,,,,Mexico Wave 2 Add,2025-08-14 00:53:00 UTC,
Mexico,Baja California Sur – La Paz,La Paz,Dive in La Paz,Operator (Scuba Charter),La Paz,,https://www.diveinlapaz.com/,,,,,,,,,Mexico Wave 4 Add,2025-08-14 01:06:02 UTC,
Mexico,Baja California Sur – La Paz,La Paz,Fun Baja,Operator (Scuba Charter),La Paz,,https://www.funbaja.com/,,,,,,,,,Mexico Wave 1 Seed,2025-08-14 00:46:44 UTC,
Mexico,Baja California Sur – La Paz,La Paz,La Paz Divers,Operator (Scuba Charter),La Paz,,https://lapazdivers.com/,,,,,,,,,Mexico Wave 2 Add,2025-08-14 00:53:00 UTC,
Mexico,Baja California Sur – La Paz,La Paz,Sunrider Adventures (Scuba),Operator (Scuba Charter),La Paz,,https://sunrider.com.mx/,,,,,,,,,Mexico Wave 3 Add,2025-08-14 00:58:06 UTC,
Mexico,Baja California Sur – La Paz,La Paz,The Baja Adventure Co.,Operator (Scuba Charter),La Paz,,https://thebajaadventureco.com/,,,,,,,,,Mexico Wave 1 Seed,2025-08-14 00:46:44 UTC,
Mexico,Baja California Sur – La Paz,La Paz,The Cortez Club,Operator (Scuba Charter),La Paz,,https://cortezclub.com/,,,,,,,,,Mexico Wave 1 Seed,2025-08-14 00:46:44 UTC,
Mexico,Baja California Sur – Loreto,Loreto,Blue Nation Baja (Loreto),Operator (Scuba Charter),Loreto,,https://www.bluenationbaja.com/,,,,,,,,,Mexico Wave 1 Seed,2025-08-14 00:46:44 UTC,
Mexico,Baja California Sur – Loreto,Loreto,Dolphin Dive Baja (Loreto),Operator (Scuba Charter),Loreto,,https://www.dolphindivebaja.com/,,,,,,,,,Mexico Wave 3 Add,2025-08-14 00:58:06 UTC,
Mexico,Baja California Sur – San José del Cabo,San José del Cabo,East Cape Explorers,Operator (Scuba Charter),San José del Cabo,"Retorno Atun Sin Numero, Col. La Playita, Fte la Marina, San José del Cabo, 23403, Baja California Sur, Mexico",https://www.eastcapeexplorers.com/,+52 624 242 6170,,https://www.tripadvisor.ca/ShowUserReviews-g152516-d5775137-East_Cape_Explorers-San_Jose_del_Cabo_Los_Cabos_Baja_California.html,,,,,,Mexico Wave 5 Add,2025-08-14 01:20:26 UTC,
Mexico,Colima – Manzanillo,Manzanillo,Natura Dive Manzanillo,Operator (Scuba Charter),Manzanillo,,https://naturadive.com/,,,,,,,,,Mexico Wave 4 Add,2025-08-14 01:06:02 UTC,
Mexico,Guerrero – Acapulco,Acapulco,Dive Acapulco,Operator (Scuba Charter),Acapulco,,https://diveacapulco.com.mx/,,,,,,,,,Mexico Wave 4 Add,2025-08-14 01:06:02 UTC,
Mexico,Guerrero – Zihuatanejo/Ixtapa,Zihuatanejo / Ixtapa,Carlo Scuba Diving Center,Operator (Scuba Charter),Zihuatanejo / Ixtapa,,https://www.carloscuba.com/,,,,,,,,,Mexico Wave 2 Add,2025-08-14 00:53:00 UTC,
Mexico,Guerrero – Zihuatanejo/Ixtapa,Zihuatanejo / Ixtapa,Zihuatanejo Dive Center,Operator (Scuba Charter),Zihuatanejo / Ixtapa,,https://zihuatanejodivecenter.com/,,,,,,,,,Mexico Wave 1 Seed,2025-08-14 00:46:44 UTC,
Mexico,Jalisco – Puerto Vallarta,Puerto Vallarta,Banderas Scuba Republic,Operator (Scuba Charter),Puerto Vallarta,,https://scubarepublic.com.mx/,,,,,,,,,Mexico Wave 1 Seed,2025-08-14 00:46:44 UTC,
Mexico,Jalisco – Puerto Vallarta,Puerto Vallarta,Chico’s Dive Shop (PV),Operator (Scuba Charter),Puerto Vallarta,,https://www.chicosdiveshop.com/,,,,,,,,,Mexico Wave 3 Add,2025-08-14 00:58:06 UTC,
Mexico,Jalisco – Puerto Vallarta,Puerto Vallarta,Eco Divers Vallarta,Operator (Scuba Charter),Puerto Vallarta,,https://www.ecodiversvallarta.com/,,,,,,,,,Mexico Wave 2 Add,2025-08-14 00:53:00 UTC,
Mexico,Jalisco – Puerto Vallarta,Puerto Vallarta,PADI Vallarta Adventures (Scuba),Operator (Scuba Charter),Puerto Vallarta,,https://www.vallarta-adventures.com/en/tour/scuba-diving,,,,,,,,,Mexico Wave 2 Add,2025-08-14 00:53:00 UTC,
Mexico,Jalisco – Puerto Vallarta,Puerto Vallarta,Pacific Scuba Vallarta,Operator (Scuba Charter),Puerto Vallarta,,https://www.pacificscubavallarta.com/,,,,,,,,,Mexico Wave 3 Add,2025-08-14 00:58:06 UTC,
Mexico,Jalisco – Puerto Vallarta,Puerto Vallarta,Silent World Divers PV,Operator (Scuba Charter),Puerto Vallarta,,https://silentworlddivers.com/,,,,,,,,,Mexico Wave 1 Seed,2025-08-14 00:46:44 UTC,
Mexico,Jalisco – Puerto Vallarta,Puerto Vallarta,Vallarta Undersea,Operator (Scuba Charter),Puerto Vallarta,,https://vallartaundersea.com/,,,,,,,,,Mexico Wave 1 Seed,2025-08-14 00:46:44 UTC,
Mexico,Liveaboards – Socorro / Sea of Cortez,Homeport: Cabo San Lucas,Nautilus Liveaboards,Liveaboard,Homeport: Cabo San Lucas,,https://nautilusliveaboards.com/,,,,,,,,Belle Amie / Explorer / Gallant Lady,Mexico Wave 1 Seed,2025-08-14 00:46:44 UTC,
Mexico,Liveaboards – Socorro / Sea of Cortez,Homeport: La Paz/Cabo,MV Valentina (Fun Azul Fleet),Liveaboard,Homeport: La Paz/Cabo,,https://www.fun-azulfleet.net/valentina/,,,,,,,,,Mexico Wave 1 Seed,2025-08-14 00:46:44 UTC,
Mexico,Liveaboards – Socorro / Sea of Cortez,Homeport: Puerto Peñasco,Quino el Guardian Liveaboard,Liveaboard,Homeport: Puerto Peñasco,,https://www.quinoelguardian.com/,,,,,,,,,Mexico Wave 1 Seed,2025-08-14 00:46:44 UTC,
Mexico,Liveaboards – Socorro / Sea of Cortez,Homeport: Puerto Peñasco/La Paz,Rocio del Mar Liveaboard,Liveaboard,Homeport: Puerto Peñasco/La Paz,,https://www.rociodelmarliveaboard.com/,,,,,,,,,Mexico Wave 1 Seed,2025-08-14 00:46:44 UTC,
Mexico,Nayarit – Riviera Nayarit,Punta Mita / La Cruz,Punta Mita Expeditions (Scuba),Operator (Scuba Charter),Punta Mita / La Cruz,,https://puntamitaexpeditions.com/,,,,,,,,Scuba offering in addition to ocean tours,Mexico Wave 4 Add,2025-08-14 01:06:02 UTC,
Mexico,Nayarit – Sayulita / Riviera Nayarit,Sayulita / Riviera Nayarit,Sayulita Entourage (Scuba),Operator (Scuba Charter),Sayulita / Riviera Nayarit,,https://www.sayulitaentourage.com/dive-center,,,https://www.tripadvisor.in/Attraction_Review-g445056-d2343651-Reviews-Sayulita_Entourage-Sayulita_Pacific_Coast.html,,,,,,Mexico Wave 6 Add,2025-08-14 01:27:59 UTC,
Mexico,Oaxaca – Huatulco,Bahías de Huatulco,Buceo Scuba Huatulco,Operator (Scuba Charter),Bahías de Huatulco,,https://buceohuatulco.com/,,,,,,,,,Mexico Wave 1 Seed,2025-08-14 00:46:44 UTC,
Mexico,Oaxaca – Huatulco,Bahías de Huatulco,Huatulco Dive Center,Operator (Scuba Charter),Bahías de Huatulco,,https://www.huatulcodivecenter.com/,,,,,,,,,Mexico Wave 2 Add,2025-08-14 00:53:00 UTC,
Mexico,Oaxaca – Huatulco,Bahías de Huatulco,Hurricane Divers Huatulco,Operator (Scuba Charter),Bahías de Huatulco,,https://hurricanedivers.com/,,,,,,,,,Mexico Wave 1 Seed,2025-08-14 00:46:44 UTC,
Mexico,Oaxaca – Puerto Escondido,Puerto Escondido,Big Wave Diving (Puerto Escondido),Operator (Scuba Charter),Puerto Escondido,,http://www.puertoescondidodivecentre.com,,,,,,,,,Mexico Wave 6 Add,2025-08-14 01:27:59 UTC,
Mexico,Oaxaca – Puerto Escondido,Puerto Escondido,Deep Blue Dive Puerto Escondido,Operator (Scuba Charter),Puerto Escondido,,https://www.deepbluedivemexico.com/,,,,,,,,,Mexico Wave 6 Add,2025-08-14 01:27:59 UTC,
Mexico,Quintana Roo – Akumal,Akumal,Akumal Dive Center,Operator (Scuba Charter),Akumal,"Carretera Cancún - Chetumal km 104, Akumal, Tulum, Quintana Roo, Mexico",https://www.akumaldivecenter.com/,+52 984 151 8775,dive@akumaldivecenter.com,https://www.tripadvisor.co.nz/ShowUserReviews-g499445-d1195215-Akumal_Dive_Center-Akumal_Yucatan_Peninsula.html,,,,,,Mexico Wave 1 Seed,2025-08-14 00:46:44 UTC,https://www.akumaldivecenter.com/contact/
Mexico,Quintana Roo – Akumal,Akumal,Akumal Dive Shop,Operator (Scuba Charter),Akumal,"Akumal, Riviera Maya, Quintana Roo, Mexico",https://akumaldiveshop.com/,+52 984 875 9031; +52 984 310 6875,sales@akumaldiveshop.com,https://en.tripadvisor.com.hk/ShowUserReviews-g499445-d1229375-Akumal_Dive_Shop-Akumal_Yucatan_Peninsula.html,,,,,,Mexico Wave 1 Seed,2025-08-14 00:46:44 UTC,https://akumaldiveshop.com/contact-us/
Mexico,Quintana Roo – Akumal,Akumal,Blue Experience Diving (Akumal),Operator (Scuba Charter),Akumal,,https://blueexperiencediving.com/,,,,,,,,,Mexico Wave 2 Add,2025-08-14 00:53:00 UTC,
Mexico,Quintana Roo – Cancun,Cancún,Scuba Cancun,Operator (Scuba Charter),Cancún,"Kukulcán Blvd. Km 5, Zona Hotelera, Cancún, Quintana Roo, Mexico",https://www.scubacancun.com.mx/,+52 998 849 7508; +52 998 849 4736; +52 998 849 5226; +52 998 849 5225,,https://en.tripadvisor.com.hk/Attraction_Review-g150807-d640585-Reviews-Scuba_Cancun-Cancun_Yucatan_Peninsula.html,,,,,,Mexico Wave 1 Seed,2025-08-14 00:46:44 UTC,https://scubacancun.com.mx/contact/
Mexico,Quintana Roo – Cancún,Cancún,Aquaworld (Scuba),Operator (Scuba Charter),Cancún,,https://aquaworld.com.mx/en/scuba-diving/,,,https://en.tripadvisor.com.hk/ShowUserReviews-g150807-d153998-AquaWorld-Cancun_Yucatan_Peninsula.html,,,,,Explicit scuba program,Mexico Wave 1 Seed,2025-08-14 00:46:44 UTC,
Mexico,Quintana Roo – Cancún,Cancún,Cancun Diving Adventures,Operator (Scuba Charter),Cancún,,https://www.cancundivingadventures.com/,,,,,,,,,Mexico Wave 4 Add,2025-08-14 01:06:02 UTC,
Mexico,Quintana Roo – Cancún,Cancún,Cancun Scuba Center,Operator (Scuba Charter),Cancún,,https://cancunscubacenter.com/,,,,,,,,,Mexico Wave 2 Add,2025-08-14 00:53:00 UTC,
Mexico,Quintana Roo – Cancún,Cancún,Cancun Scuba Crew,Operator (Scuba Charter),Cancún,,https://www.cancunscubacrew.com/,,,,,,,,,Mexico Wave 4 Add,2025-08-14 01:06:02 UTC,
Mexico,Quintana Roo – Cancún,Cancún,Coconut Divers,Operator (Scuba Charter),Cancún,,https://coconutdivers.com/,,,,,,,,,Mexico Wave 3 Add,2025-08-14 00:58:06 UTC,
Mexico,Quintana Roo – Cancún,Cancún,Manta Divers Cancun,Operator (Scuba Charter),Cancún,,https://mantadivers.com/,,,https://www.tripadvisor.com.ph/ShowUserReviews-g150807-d1410170-Manta_Divers-Cancun_Yucatan_Peninsula.html,,,,,,Mexico Wave 1 Seed,2025-08-14 00:46:44 UTC,
Mexico,Quintana Roo – Cancún,Cancún,Scuba Total Cancun,Operator (Scuba Charter),Cancún,,https://www.scubatotal.com/,,,,,,,,,Mexico Wave 4 Add,2025-08-14 01:06:02 UTC,
Mexico,Quintana Roo – Cancún,Cancún,Solo Buceo,Operator (Scuba Charter),Cancún,,https://www.solobuceo.com/,,,https://www.tripadvisor.co.nz/ShowUserReviews-g150807-d1414939-Solo_Buceo_Dive_Shop-Cancun_Yucatan_Peninsula.html,,,,,,Mexico Wave 1 Seed,2025-08-14 00:46:44 UTC,
Mexico,Quintana Roo – Cancún,Cancún,Squalo Divers (Cancún),Operator (Scuba Charter),Cancún,,https://www.squalodivers.com/,,,,,,,,,Mexico Wave 3 Add,2025-08-14 00:58:06 UTC,
Mexico,Quintana Roo – Cancún,Cancún,Total Scuba Cancun,Operator (Scuba Charter),Cancún,,https://totalscuba.com.mx/,,,,,,,,,Mexico Wave 3 Add,2025-08-14 00:58:06 UTC,
Mexico,Quintana Roo – Cozumel,Cozumel,Blue Angel Resort – Dive Shop,Dive Shop,Cozumel,"Carretera Costera Sur Km. 2.2, Cozumel, Quintana Roo, 77600, Mexico",https://www.blueangelresort.com/,+52 987 876 6865,,,,,,,Resort-based dive op,Mexico Wave 1 Seed,2025-08-14 00:46:44 UTC,https://www.blueangelresort.com/
Mexico,Quintana Roo – Cozumel,Cozumel,Cozumel Dive Academy,Dive Shop,Cozumel,,https://cozumeldiveacademy.com/,,,,,,,,Training + guided diving,Mexico Wave 4 Add,2025-08-14 01:06:02 UTC,
Mexico,Quintana Roo – Cozumel,Cozumel,Dressel Divers (Cozumel),Dive Shop,Cozumel,,https://www.dresseldivers.com/dive/mexico/cozumel-scuba-diving/,,,,,,,,,Mexico Wave 5 Add,2025-08-14 01:20:26 UTC,
Mexico,Quintana Roo – Cozumel,Cozumel,Pro Dive International (Occidental Cozumel),Dive Shop,Cozumel,,https://www.prodiveinternational.com/dive-center/occidental/,,,,,,,,,Mexico Wave 5 Add,2025-08-14 01:20:26 UTC,
Mexico,Quintana Roo – Cozumel,Cozumel,Aldora Divers,Operator (Scuba Charter),Cozumel,"Calle 5 Sur #37, Centro, 77600 Cozumel, Quintana Roo, Mexico",https://aldora.com/,+52 987 872 3397,frontdesk@aldora.com,https://www.tripadvisor.co/ShowUserReviews-g150809-d536616-Aldora_Divers-Cozumel_Yucatan_Peninsula.html,,,,,"Steel HP tanks, long dives",Mexico Wave 1 Seed,2025-08-14 00:46:44 UTC,https://www.aldora.com/elearning-scuba-cozumel
Mexico,Quintana Roo – Cozumel,Cozumel,Aldora Villas Dive Center,Operator (Scuba Charter),Cozumel,,https://aldora.com/,,,,,,,,Associated with Aldora lodging,Mexico Wave 4 Add,2025-08-14 01:06:02 UTC,
Mexico,Quintana Roo – Cozumel,Cozumel,Aqua Safari Cozumel,Operator (Scuba Charter),Cozumel,,https://www.aquasafari.com/,,,,,,,,,Mexico Wave 2 Add,2025-08-14 00:53:00 UTC,
Mexico,Quintana Roo – Cozumel,Cozumel,Blue Magic Scuba,Operator (Scuba Charter),Cozumel,"Calle 4 Norte #71, Entre Rafael E. Melgar y 5a Av., 77600 Cozumel, Quintana Roo, Mexico",https://bluemagicscuba.com/,+52 987 105 4418,godive@bluemagicscuba.com,https://en.tripadvisor.com.hk/ShowUserReviews-g150809-d1553620-Blue_Magic_Scuba-Cozumel_Yucatan_Peninsula.html,,,,,,Mexico Wave 1 Seed,2025-08-14 00:46:44 UTC,https://www.padi.com/dive-center/mexico/blue-magic-scuba/
Mexico,Quintana Roo – Cozumel,Cozumel,Blue Project Cozumel,Operator (Scuba Charter),Cozumel,,https://www.blueprojectcozumel.com/,,,,,,,,,Mexico Wave 3 Add,2025-08-14 00:58:06 UTC,
Mexico,Quintana Roo – Cozumel,Cozumel,Blue XT~Sea Diving,Operator (Scuba Charter),Cozumel,,https://www.bluextseadiving.com/,,,https://www.tripadvisor.co.uk/ShowUserReviews-g150809-d1474433-Blue_XT_Sea_Diving-Cozumel_Yucatan_Peninsula.html,,,,,,Mexico Wave 1 Seed,2025-08-14 00:46:44 UTC,
Mexico,Quintana Roo – Cozumel,Cozumel,Cozumel H2O,Operator (Scuba Charter),Cozumel,,https://www.cozumelh2o.com/,,,,,,,,,Mexico Wave 3 Add,2025-08-14 00:58:06 UTC,
Mexico,Quintana Roo – Cozumel,Cozumel,Cozumel Marine World,Operator (Scuba Charter),Cozumel,,https://cozumelmarineworld.com/,,,https://www.tripadvisor.ie/ShowUserReviews-g150809-d2172591-Cozumel_Marine_World-Cozumel_Yucatan_Peninsula.html,,,,,,Mexico Wave 1 Seed,2025-08-14 00:46:44 UTC,
Mexico,Quintana Roo – Cozumel,Cozumel,Cozumel Scuba Planet,Operator (Scuba Charter),Cozumel,,https://www.cozumelscubaplanet.com/,,,,,,,,,Mexico Wave 2 Add,2025-08-14 00:53:00 UTC,
Mexico,Quintana Roo – Cozumel,Cozumel,Deep Blue Cozumel,Operator (Scuba Charter),Cozumel,,https://deepbluecozumel.com/,,,https://en.tripadvisor.com.hk/ShowUserReviews-g150809-d668610-Deep_Blue_Scuba_Diving-Cozumel_Yucatan_Peninsula.html,,,,,,Mexico Wave 1 Seed,2025-08-14 00:46:44 UTC,
Mexico,Quintana Roo – Cozumel,Cozumel,Deep Exposure Advanced Dives,Operator (Scuba Charter),Cozumel,,https://deepexposure.com/,,,,,,,,Tech/advanced profiles,Mexico Wave 2 Add,2025-08-14 00:53:00 UTC,
Mexico,Quintana Roo – Cozumel,Cozumel,Dive House Cozumel,Operator (Scuba Charter),Cozumel,,https://www.divehouse.com/,,,,,,,,,Mexico Wave 2 Add,2025-08-14 00:53:00 UTC,
Mexico,Quintana Roo – Cozumel,Cozumel,Dive Palancar,Operator (Scuba Charter),Cozumel,,https://www.divepalancar.com/,,,,,,,,,Mexico Wave 3 Add,2025-08-14 00:58:06 UTC,
Mexico,Quintana Roo – Cozumel,Cozumel,Dive Paradise,Operator (Scuba Charter),Cozumel,"Kilometro 1.7, Carretera Costera Sur, across from Wyndham Cozumel Hotel & Resort, 77600 San Miguel de Cozumel, Quintana Roo, Mexico",https://diveparadise.com/,+1 954 743 5310; +1 855 798 5300; +52 987 101 8585,reservations@diveparadise.com,https://www.tripadvisor.co.nz/ShowUserReviews-g150809-d265242-Dive_Paradise-Cozumel_Yucatan_Peninsula.html,,,,,,Mexico Wave 1 Seed,2025-08-14 00:46:44 UTC,https://diveparadise.com/contact-dive-paradise/
Mexico,Quintana Roo – Cozumel,Cozumel,Dive with Cristina,Operator (Scuba Charter),Cozumel,,https://divewithcristina.com/,,,https://en.tripadvisor.com.hk/Attraction_Review-g150809-d1149151-Dive_with_Cristina-Cozumel_Yucatan_Peninsula.html,,,,,,Mexico Wave 5 Add,2025-08-14 01:20:26 UTC,
Mexico,Quintana Roo – Cozumel,Cozumel,Dive with Martin,Operator (Scuba Charter),Cozumel,,https://divewithmartin.com/,,,,,,,,,Mexico Wave 1 Seed,2025-08-14 00:46:44 UTC,
Mexico,Quintana Roo – Cozumel,Cozumel,Liquid Blue Divers,Operator (Scuba Charter),Cozumel,,https://liquidbluedivers.com/,,,,,,,,,Mexico Wave 3 Add,2025-08-14 00:58:06 UTC,
Mexico,Quintana Roo – Cozumel,Cozumel,Living Underwater,Operator (Scuba Charter),Cozumel,,https://www.living-underwater.com/,,,https://www.tripadvisor.co.nz/ShowUserReviews-g150809-d643433-Living_Underwater-Cozumel_Yucatan_Peninsula.html,,,,,,Mexico Wave 1 Seed,2025-08-14 00:46:44 UTC,
Mexico,Quintana Roo – Cozumel,Cozumel,Papa Hog’s Scuba Emporium,Operator (Scuba Charter),Cozumel,,https://papahogs.com/,,,,,,,,,Mexico Wave 2 Add,2025-08-14 00:53:00 UTC,
Mexico,Quintana Roo – Cozumel,Cozumel,Salty Endeavors Cozumel Scuba,Operator (Scuba Charter),Cozumel,,https://cozumelscuba.com/,,,https://en.tripadvisor.com.hk/AttractionProductReview-g150809-d11482647-Small_Group_Introductory_Scuba_Dive_in_Cozumel-Cozumel_Yucatan_Peninsula.html,,,,,,Mexico Wave 1 Seed,2025-08-14 00:46:44 UTC,
Mexico,Quintana Roo – Cozumel,Cozumel,Sand Dollar Sports (Scuba),Operator (Scuba Charter),Cozumel,,https://www.sanddollarsports.com/,,,,,,,,Resort-based; explicit scuba program,Mexico Wave 3 Add,2025-08-14 00:58:06 UTC,
Mexico,Quintana Roo – Cozumel,Cozumel,Scuba Club Cozumel – Dive Op,Operator (Scuba Charter),Cozumel,,https://www.scubaclubcozumel.com/,,,,,,,,Resort-based dive operation,Mexico Wave 2 Add,2025-08-14 00:53:00 UTC,
Mexico,Quintana Roo – Cozumel,Cozumel,Scuba Du,Operator (Scuba Charter),Cozumel,,https://www.scubadu.com/,(987) 872-9505,scubadu@usa.net,https://www.tripadvisor.co.nz/ShowUserReviews-g150809-d1395285-Scuba_Du-Cozumel_Yucatan_Peninsula.html,,,,,,Mexico Wave 5 Add,2025-08-14 01:20:26 UTC,
Mexico,Quintana Roo – Cozumel,Cozumel,Scuba Life Cozumel,Operator (Scuba Charter),Cozumel,,https://scubalifecozumel.com/,,,https://www.tripadvisor.co.nz/ShowUserReviews-g13882869-d8469486-Scuba_Life_Cozumel-San_Miguel_de_Cozumel_Cozumel_Yucatan_Peninsula.html,,,,,,Mexico Wave 1 Seed,2025-08-14 00:46:44 UTC,
Mexico,Quintana Roo – Cozumel,Cozumel,Scuba Mau,Operator (Scuba Charter),Cozumel,,https://scubamau.com/,,,,,,,,,Mexico Wave 4 Add,2025-08-14 01:06:02 UTC,
Mexico,Quintana Roo – Cozumel,Cozumel,Scuba Shack Cozumel,Operator (Scuba Charter),Cozumel,,https://scubashackcoz.com/,,,,,,,,,Mexico Wave 6 Add,2025-08-14 01:27:59 UTC,
Mexico,Quintana Roo – Cozumel,Cozumel,Scuba with Alison,Operator (Scuba Charter),Cozumel,,https://www.scubawithalison.com/,,,,,,,,,Mexico Wave 3 Add,2025-08-14 00:58:06 UTC,
Mexico,Quintana Roo – Cozumel,Cozumel,ScubaTony,Operator (Scuba Charter),Cozumel,,https://scubatony.com/,,info@scubatony.com,https://en.tripadvisor.com.hk/ShowUserReviews-g150809-d1079235-ScubaTony_Cozumel-Cozumel_Yucatan_Peninsula.html,,,,,,Mexico Wave 1 Seed,2025-08-14 00:46:44 UTC,https://scubatony.com/bookings.aspx
Mexico,Quintana Roo – Cozumel,Cozumel,Tres Pelicanos,Operator (Scuba Charter),Cozumel,"Calle 5 Sur entre Ave Rafael Melgar y 5th Ave #400B, Centro, 77600 San Miguel de Cozumel, Q.R., Mexico",https://trespelicanos.com/,+52 987 869 1168,dive@trespelicanos.com,https://www.tripadvisor.co.nz/ShowUserReviews-g150809-d3485062-Tres_Pelicanos_Dive_Center-Cozumel_Yucatan_Peninsula.html,,,,,,Mexico Wave 1 Seed,2025-08-14 00:46:44 UTC,https://trespelicanos.com/cozumel-scuba-diving-information/
Mexico,Quintana Roo – Isla Mujeres,Isla Mujeres,POCNA Dive Center (Isla Mujeres),Dive Shop,Isla Mujeres,,https://www.pocnadivecenter.com/,,,,,,,,,Mexico Wave 6 Add,2025-08-14 01:27:59 UTC,
Mexico,Quintana Roo – Isla Mujeres,Isla Mujeres,Carey Dive Center,Operator (Scuba Charter),Isla Mujeres,,https://www.careydiveonline.com/,,,https://www.tripadvisor.co.nz/ShowUserReviews-g150810-d658088-Carey_Dive_Center-Isla_Mujeres_Yucatan_Peninsula.html,,,,,,Mexico Wave 1 Seed,2025-08-14 00:46:44 UTC,
Mexico,Quintana Roo – Isla Mujeres,Isla Mujeres,DC Explorer Isla Mujeres,Operator (Scuba Charter),Isla Mujeres,,https://www.dcexplorerislamujeres.com/,,,,,,,,,Mexico Wave 4 Add,2025-08-14 01:06:02 UTC,
Mexico,Quintana Roo – Isla Mujeres,Isla Mujeres,Gypsea Divers (Isla Mujeres),Operator (Scuba Charter),Isla Mujeres,,https://gypseadivers.com/,,,,,,,,,Mexico Wave 3 Add,2025-08-14 00:58:06 UTC,
Mexico,Quintana Roo – Isla Mujeres,Isla Mujeres,I Dive Isla Mujeres,Operator (Scuba Charter),Isla Mujeres,,https://idiveislamujeres.com/,,,,,,,,,Mexico Wave 2 Add,2025-08-14 00:53:00 UTC,
Mexico,Quintana Roo – Isla Mujeres,Isla Mujeres,Mexico Divers,Operator (Scuba Charter),Isla Mujeres,"Av Francisco I. Madero SM1 M20 L10 Centro, Isla Mujeres, Quintana Roo, Mexico",https://mexicodivers.com/,+52 998 218 9216,info@mexicodivers.com,,,,,,,Mexico Wave 1 Seed,2025-08-14 00:46:44 UTC,https://mexicodivers.com/reservations/
Mexico,Quintana Roo – Isla Mujeres,Isla Mujeres,Sea Hawk Divers,Operator (Scuba Charter),Isla Mujeres,,https://www.seahawkers.com/,,,,,,,,,Mexico Wave 1 Seed,2025-08-14 00:46:44 UTC,
Mexico,Quintana Roo – Isla Mujeres,Isla Mujeres,Squalo Adventures,Operator (Scuba Charter),Isla Mujeres,,https://squaloadventures.com/,,,,,,,,,Mexico Wave 1 Seed,2025-08-14 00:46:44 UTC,
Mexico,Quintana Roo – Mahahual (Costa Maya),Mahahual,Bucaneros Dive Centre,Operator (Scuba Charter),Mahahual,,https://bucanerosdivecenter.com/,,,,,,,,,Mexico Wave 6 Add,2025-08-14 01:27:59 UTC,
Mexico,Quintana Roo – Mahahual (Costa Maya),Mahahual,Costa Maya Reef Divers,Operator (Scuba Charter),Mahahual,,https://www.costamayareefdivers.com/,,,,,,,,,Mexico Wave 4 Add,2025-08-14 01:06:02 UTC,
Mexico,Quintana Roo – Mahahual (Costa Maya),Mahahual,Dreamtime Dive Center,Operator (Scuba Charter),Mahahual,,https://www.dreamtimediving.com/,,,,,,,,,Mexico Wave 3 Add,2025-08-14 00:58:06 UTC,
Mexico,Quintana Roo – Playa del Carmen,Playa del Carmen,Aqua Excursions (Playa),Dive Shop,Playa del Carmen,,https://aquaexcursions.com.mx/,,,,,,,,,Mexico Wave 2 Add,2025-08-14 00:53:00 UTC,
Mexico,Quintana Roo – Playa del Carmen,Playa del Carmen,Blue Life,Dive Shop,Playa del Carmen,"Calle 54 entre Av. 5ta y 1ra, Playa del Carmen, Quintana Roo, Mexico",https://bluelife.com/,+1 707 726 1122,info@bluelife.com,,,,,,Cenotes + ocean,Mexico Wave 1 Seed,2025-08-14 00:46:44 UTC,https://bluelife.com/contact/
Mexico,Quintana Roo – Playa del Carmen,Playa del Carmen,Dive Mike,Dive Shop,Playa del Carmen,,https://www.divemike.com/,,,https://www.tripadvisor.co.nz/ShowUserReviews-g150812-d2060798-Dive_Mike-Playa_del_Carmen_Yucatan_Peninsula.html,,,,,,Mexico Wave 5 Add,2025-08-14 01:20:26 UTC,
Mexico,Quintana Roo – Playa del Carmen,Playa del Carmen,Diversity Diving,Dive Shop,Playa del Carmen,,https://diversitydiving.com/,,,,,,,,Guided ocean + cenotes,Mexico Wave 4 Add,2025-08-14 01:06:02 UTC,
Mexico,Quintana Roo – Playa del Carmen,Playa del Carmen,Dressel Divers (Playa del Carmen),Dive Shop,Playa del Carmen,,https://www.dresseldivers.com/destination/mexico/,,,,,,,,Resort-based; runs boats,Mexico Wave 2 Add,2025-08-14 00:53:00 UTC,
Mexico,Quintana Roo – Playa del Carmen,Playa del Carmen,Mexico Blue Dream,Dive Shop,Playa del Carmen,"Calle 70, entre Av. 10 y 15, 77710 Playa del Carmen, Quintana Roo, Mexico",https://mexicobluedream.com/,+52 1 984 143 7400,info@mexicobluedream.com,,,,,,,Mexico Wave 1 Seed,2025-08-14 00:46:44 UTC,https://www.mexicobluedream.com/contacts/
Mexico,Quintana Roo – Playa del Carmen,Playa del Carmen,Phocea Mexico (Playa),Dive Shop,Playa del Carmen,,https://myphocea.com/,+52 984 134 6123,playa@myphocea.com,https://www.padi.com/dive-center/mexico/phocea-mexico-playa/,,,,,PADI 5* IDC; ocean + cenotes,Mexico Wave 6 Add,2025-08-14 01:27:59 UTC,
Mexico,Quintana Roo – Playa del Carmen,Playa del Carmen,Playa Scuba Dive Center,Dive Shop,Playa del Carmen,,https://www.playascuba.com/,,,,,,,,,Mexico Wave 3 Add,2025-08-14 00:58:06 UTC,
Mexico,Quintana Roo – Playa del Carmen,Playa del Carmen,Pro Dive International (Playa),Dive Shop,Playa del Carmen,,https://prodiveinternational.com/,,,,,,,,Resort-based; runs boats,Mexico Wave 1 Seed,2025-08-14 00:46:44 UTC,
Mexico,Quintana Roo – Playa del Carmen,Playa del Carmen,ProTec Playa del Carmen,Dive Shop,Playa del Carmen,,https://protecdiving.com/,,,,,,,,Tech & cavern; guides/courses,Mexico Wave 3 Add,2025-08-14 00:58:06 UTC,
Mexico,Quintana Roo – Playa del Carmen,Playa del Carmen,Scuba Libre,Dive Shop,Playa del Carmen,,https://www.scubalibre.com.mx/,,,https://www.tripadvisor.in/Attraction_Review-g150812-d808197-Reviews-Scuba_Libre-Playa_del_Carmen_Yucatan_Peninsula.html,,,,,,Mexico Wave 5 Add,2025-08-14 01:20:26 UTC,
Mexico,Quintana Roo – Playa del Carmen,Playa del Carmen,Scuba Playa,Dive Shop,Playa del Carmen,,https://www.scubaplaya.com/,,,,,,,,,Mexico Wave 4 Add,2025-08-14 01:06:02 UTC,
Mexico,Quintana Roo – Playa del Carmen,Playa del Carmen,ScubaCaribe (Playa del Carmen),Dive Shop,Playa del Carmen,,https://www.scubacaribe.com/diving/mexico/playa-del-carmen/,,,,,,,,,Mexico Wave 5 Add,2025-08-14 01:20:26 UTC,
Mexico,Quintana Roo – Playa del Carmen,Playa del Carmen,Tank-Ha Dive Center,Dive Shop,Playa del Carmen,,https://tank-ha.com/,,,https://www.tripadvisor.ie/ShowUserReviews-g150812-d1070085-Tank_ha_Dive_Center-Playa_del_Carmen_Yucatan_Peninsula.html,,,,,,Mexico Wave 1 Seed,2025-08-14 00:46:44 UTC,
Mexico,Quintana Roo – Playa del Carmen,Playa del Carmen,The Reef Marina (Playacar),Dive Shop,Playa del Carmen,,https://www.thereefmarina.com/divecenter/en/,,,,,,,,,Mexico Wave 5 Add,2025-08-14 01:20:26 UTC,
Mexico,Quintana Roo – Playa del Carmen,Playa del Carmen,Good Vibes Diving,Operator (Scuba Charter),Playa del Carmen,,https://goodvibesdiving.com/,,,,,,,,,Mexico Wave 3 Add,2025-08-14 00:58:06 UTC,
Mexico,Quintana Roo – Playa del Carmen,Playa del Carmen,Phantom Divers,Operator (Scuba Charter),Playa del Carmen,,https://phantomdivers.com/,,,https://www.tripadvisor.co.nz/Attraction_Review-g150812-d1219563-Reviews-Phantom_Divers-Playa_del_Carmen_Yucatan_Peninsula.html,,,,,,Mexico Wave 1 Seed,2025-08-14 00:46:44 UTC,
Mexico,Quintana Roo – Puerto Aventuras,Puerto Aventuras,Planet Scuba Mexico,Dive Shop,Puerto Aventuras,,https://www.planetscubamexico.com/,,,https://www.tripadvisor.in/Attraction_Review-g153510-d4108009-Reviews-Planet_Scuba_Mexico-Puerto_Aventuras_Yucatan_Peninsula.html,,,,,Cenotes/tec + ocean,Mexico Wave 6 Add,2025-08-14 01:27:59 UTC,
Mexico,Quintana Roo – Puerto Aventuras,Puerto Aventuras,Pro Dive International (Puerto Aventuras),Dive Shop,Puerto Aventuras,,https://prodiveinternational.com/,,,https://www.tripadvisor.com/Attraction_Review-g153510-d572282-Reviews-Pro_Dive_International-Puerto_Aventuras_Yucatan_Peninsula.html,,,,,,Mexico Wave 1 Seed,2025-08-14 00:46:44 UTC,
Mexico,Quintana Roo – Puerto Aventuras,Puerto Aventuras,Puerto Aventuras Water Sports,Dive Shop,Puerto Aventuras,,https://pawatersports.com/,,,,,,,,,Mexico Wave 5 Add,2025-08-14 01:20:26 UTC,
Mexico,Quintana Roo – Puerto Aventuras,Puerto Aventuras,Bahia Divers,Operator (Scuba Charter),Puerto Aventuras,,https://bahia-divers.com/,,,https://en.tripadvisor.com.hk/Attraction_Review-g153510-d2638380-Reviews-Bahia_Divers-Puerto_Aventuras_Yucatan_Peninsula.html,,,,,,Mexico Wave 1 Seed,2025-08-14 00:46:44 UTC,
Mexico,Quintana Roo – Puerto Aventuras,Puerto Aventuras,Dive Aventuras,Operator (Scuba Charter),Puerto Aventuras,,https://www.diveaventuras.com/,,,,,,,,,Mexico Wave 2 Add,2025-08-14 00:53:00 UTC,
Mexico,Quintana Roo – Puerto Aventuras,Puerto Aventuras,Fat Cat Dive Center,Operator (Scuba Charter),Puerto Aventuras,,https://www.fatcatsail.com/diving,,,,,,,,Scuba program in addition to sailing,Mexico Wave 4 Add,2025-08-14 01:06:02 UTC,
Mexico,Quintana Roo – Puerto Aventuras,Puerto Aventuras,The Reef Marina (Puerto Aventuras),Operator (Scuba Charter),Puerto Aventuras,,https://thereefmarina.com/,,,,,,,,,Mexico Wave 2 Add,2025-08-14 00:53:00 UTC,
Mexico,Quintana Roo – Puerto Morelos,Puerto Morelos,Dive Puerto Morelos,Operator (Scuba Charter),Puerto Morelos,,https://divepuertomorelos.com/,,,https://en.tripadvisor.com.hk/Attraction_Review-g240327-d10555489-Reviews-Dive_Puerto_Morelos-Puerto_Morelos_Yucatan_Peninsula.html,,,,,,Mexico Wave 1 Seed,2025-08-14 00:46:44 UTC,
Mexico,Quintana Roo – Puerto Morelos,Puerto Morelos,Dive With Ruben,Operator (Scuba Charter),Puerto Morelos,"Calle Adolfo López Mateos SM 2, Mz 2 Lote 2 (Hotel Arenas), Puerto Morelos, Quintana Roo",https://scubapuertomorelos.com.mx/,+52 998 130 3240,divewithruben@gmail.com,,,,,,,Mexico Wave 6 Add,2025-08-14 01:27:59 UTC,
Mexico,Quintana Roo – Puerto Morelos,Puerto Morelos,Wet Set Diving,Operator (Scuba Charter),Puerto Morelos,"Av. Javier Rojo Gomez, Lt. 16 Mz. 2, Smaz. 2, Fracc. Ojo de Agua, Puerto Morelos, Quintana Roo, 77580, Mexico",https://www.wetset.com/,+1 855 333 6222; +52 998 206 9204; WhatsApp +52 998 130 3988,info@wetset.com,,,,,,,Mexico Wave 1 Seed,2025-08-14 00:46:44 UTC,https://www.wetset.com/contact
Mexico,Quintana Roo – Tulum (Cenotes),Tulum,ProTec Tulum,Dive Shop,Tulum,,https://protecdiving.com/,,,,,,,,Tech/cave; guided cavern,Mexico Wave 3 Add,2025-08-14 00:58:06 UTC,
Mexico,Quintana Roo – Tulum (Cenotes),Tulum,CenoteXperience,Operator (Scuba Charter),Tulum,,https://www.cenotexperience.com/,,,,,,,,Cenote guiding,Mexico Wave 2 Add,2025-08-14 00:53:00 UTC,
Mexico,Quintana Roo – Tulum (Cenotes),Tulum,Koox Diving,Operator (Scuba Charter),Tulum,"10 Avenida Nte. 258, Gonzalo Guerrero, 77710 Playa del Carmen, Quintana Roo, Mexico (HQ listings vary by branch)",https://kooxdiving.com/,+52 1 984 141 5502,kooxdiving@gmail.com,https://www.tripadvisor.co.nz/ShowUserReviews-g150813-d2284674-Koox_Diving-Tulum_Yucatan_Peninsula.html,,,,,Cenote & ocean,Mexico Wave 1 Seed,2025-08-14 00:46:44 UTC,https://www.kooxdiving.com/en/contact/
Mexico,Quintana Roo – Tulum (Cenotes),Tulum,Maya Blue Dive Center,Operator (Scuba Charter),Tulum,,https://www.mayabluedivecenter.com/,,,https://www.tripadvisor.in/ShowUserReviews-g499455-d17583281-Maya_Blue_Dive_Center-Xpu_Ha_Yucatan_Peninsula.html,,,,,Cenote guiding,Mexico Wave 1 Seed,2025-08-14 00:46:44 UTC,
Mexico,Quintana Roo – Tulum (Cenotes),Tulum,Under The Jungle,Operator (Scuba Charter),Tulum,,https://www.underthejungle.com/,,,,,,,,Cavern/cave guiding,Mexico Wave 3 Add,2025-08-14 00:58:06 UTC,
Mexico,Quintana Roo – Tulum (Cenotes),Tulum,Underworld Tulum,Operator (Scuba Charter),Tulum,,https://underworldtulum.com/,,lanny@underworldtulum.com,,,,,,Cenote diving,Mexico Wave 1 Seed,2025-08-14 00:46:44 UTC,https://underworldtulum.com/contact-us/
Mexico,Quintana Roo – Xcalak,Xcalak,Costa de Cocos Dive Center,Operator (Scuba Charter),Xcalak,,https://costadecocos.com/,,,,,,,,Resort-based dive center,Mexico Wave 6 Add,2025-08-14 01:27:59 UTC,
Mexico,Quintana Roo – Xcalak,Xcalak,Nomad Divers Xcalak,Operator (Scuba Charter),Xcalak,,https://nomaddiversxcalak.com/,,,,,,,,,Mexico Wave 4 Add,2025-08-14 01:06:02 UTC,
Mexico,Quintana Roo – Xcalak,Xcalak,XTC Dive Center,Operator (Scuba Charter),Xcalak,,https://www.xtcdivecenter.com/,,,,,,,,,Mexico Wave 3 Add,2025-08-14 00:58:06 UTC,
Mexico,Sinaloa – Mazatlán,Mazatlán,Aqua Sports Center Mazatlán,Operator (Scuba Charter),Mazatlán,,https://www.aquasports.mx/,,,,,,,,,Mexico Wave 2 Add,2025-08-14 00:53:00 UTC,
Mexico,Sinaloa – Mazatlán,Mazatlán,Escualo Sports (Scuba),Operator (Scuba Charter),Mazatlán,,https://escualosports.com/,,,,,,,,,Mexico Wave 3 Add,2025-08-14 00:58:06 UTC,
Mexico,Sinaloa – Mazatlán,Mazatlán,Mazatlán Scuba,Operator (Scuba Charter),Mazatlán,,https://mazatlanscuba.com/,,,,,,,,,Mexico Wave 1 Seed,2025-08-14 00:46:44 UTC,
Mexico,Veracruz – Veracruz City,Veracruz,CocoAventura Buceo Veracruz,Operator (Scuba Charter),Veracruz,,https://www.cocoaventura.com.mx/buceo/,,,,,,,,,Mexico Wave 4 Add,2025-08-14 01:06:02 UTC,
Mexico,Veracruz – Veracruz City,Veracruz,Dorado Buceo Veracruz,Operator (Scuba Charter),Veracruz,,http://www.doradobuceo.com/,,,https://www.tripadvisor.es/Attraction_Review-g150804-d6002550-Reviews-Dorado_Buceo-Veracruz_Central_Mexico_and_Gulf_Coast.html,,,,,,Mexico Wave 6 Add,2025-08-14 01:27:59 UTC,
Mexico,Veracruz – Veracruz City,Veracruz,Scubaver,Operator (Scuba Charter),Veracruz,,https://www.scubaver.com/,,,,,,,,,Mexico Wave 3 Add,2025-08-14 00:58:06 UTC,
