Country,Region/Island,Area,Type,Business Name,City/Island,Address,Website,Phone,Email,TripAdvisor URL,TA_Bubbles(5=Excellent),TA_Review_Count,Google_Stars_FirstParty,Google_Stars_Source_URL,Notes/Tags,Status,Last Checked (UTC),Contact_Source_URL,Google_Stars_FirstParty_Status,Contact_Status,Contact_LastChecked_UTC
Thailand,Phuket,Phuket,Dive Shop,Sea Bees Diving,Phuket,"1/3 Moo 9, Viset Road, Chalong, Phuket 83130, Thailand",https://www.sea-bees.com/,+66 76 381 765,info@sea-bees.com,https://www.tripadvisor.co.uk/Attraction_Review-g1389361-d1225227-Reviews-Sea_Bees_Diving_Phuket-Chalong_Phuket_Town_Phuket.html,Pending (site blocked),Pending (site blocked),,https://sea-bees.com/phuket-scuba-daytrips/,Guided dives + dayboats,Thailand Wave 1 Seed (Final 4 applied),2025-08-14 03:55:40 UTC,https://sea-bees.com/about-us/our-dive-centers/dive-center-phuket/,No numeric published on site (Google mentioned/badge),Complete (Address + Phone + Email),2025-08-14 06:20:04 UTC
Thailand,Phuket,Phuket,Dive Shop,All 4 Diving (Phuket),Phuket,"153/4 Rat Uthit 200 Pi Rd., Patong, Kathu, Phuket 83150, Thailand",https://www.all4divingphuket.com/,+66 76 344 611,philippe@all4diving.com,https://www.tripadvisor.co.uk/Attraction_Review-g297930-d2638895-Reviews-All_4_Diving_Scuba_Diving_Phuket-Patong_Kathu_Phuket.html,Pending (site blocked),Pending (site blocked),,,Guided dives + boats,Thailand Wave 1 Seed (Final 4 applied),2025-08-14 03:55:40 UTC,https://www.scubadiving-phuket.com/contact-us/,No first-party numeric evidence found on site,Complete (Address + Phone + Email),2025-08-14 06:20:04 UTC
Thailand,Phuket,Phuket,Dive Shop,Dive Asia (Phuket),Phuket,"23/6 Karon Road, Karon Beach, Phuket 83100, Thailand",https://www.diveasia.com/,+66 76 330 598,[email protected],https://www.tripadvisor.co.uk/Attraction_Review-g1210687-d2695804-Reviews-Dive_Asia_SCUBA_and_Snorkeling_Day_Trips_and_PADI_Courses-Kata_Beach_Karon_Phuke.html,Pending (site blocked),Pending (site blocked),,,Guided dives + boats,Thailand Wave 1 Seed (Final 4 applied),2025-08-14 03:55:40 UTC,https://www.padi.com/dive-center/thailand/dive-asia/,No first-party numeric evidence found on site (not published or not located),Complete (Address + Phone + Email),2025-08-14 06:20:04 UTC
Thailand,Phuket,Phuket,Operator (Scuba Charter),Local Dive Thailand,Phuket,"95/13 Moo 7, Tambon Rawai, Amphur Muang, Phuket 83130, Thailand",https://localdivethailand.com/,+66 80 696 1461; +66 62 018 0729,info@localdivethailand.com,https://www.tripadvisor.co.uk/Attraction_Review-g297934-d6367005-Reviews-Local_Dive_Thailand-Rawai_Phuket.html,Pending (site blocked),Pending (site blocked),,,,Thailand Wave 1 Seed (Final 4 applied),2025-08-14 03:55:40 UTC,https://www.localdivethailand.com/,No first-party numeric evidence found on site (not published or not located),Complete (Address + Phone + Email),2025-08-14 06:20:04 UTC
Thailand,Phuket,Phuket,Dive Shop,Super Divers Phuket,Phuket,"74/55 Nanai Road, Patong Beach, Phuket 83150, Thailand",https://www.superdiversphuket.com/,+66 87 624 0674; +66 80 096 9684,superdiversphuket@gmail.com,,,,,,,Thailand Wave 1 Seed (Final 4 applied),2025-08-14 03:55:40 UTC,https://superdiversphuket.com/contact-us/,No first-party numeric evidence found on site (not published or not located),Complete (Address + Phone + Email),2025-08-14 06:20:04 UTC
Thailand,Phuket,Phuket,Operator (Scuba Charter),Sea Fun Divers,Phuket,"c/o Le Méridien Phuket Beach Resort, Karon Noi Beach, Phuket 83100, Thailand",https://www.seafundivers.com/,+66 81 367 4542,info@seafundivers.com,,,,,,,Thailand Wave 1 Seed (Final 4 applied),2025-08-14 03:55:40 UTC,https://www.seafundivers.com/contact/,No first-party numeric evidence found on site (not published or not located),Complete (Address + Phone + Email),2025-08-14 06:20:04 UTC
Thailand,Phuket,Phuket,Dive Shop,Phuket Dive Tours,Phuket,,https://www.phuketdivetours.com/,+66 9 2679 2722; +66 87 022 5356,godivephuket@gmail.com,,,,,,,Thailand Wave 1 Seed (Final 4 applied),2025-08-14 03:55:40 UTC,https://www.phuketdivetours.com/contact-us/,No first-party numeric evidence found on site (not published or not located),Complete (Address + Phone + Email),2025-08-14 06:20:04 UTC
Thailand,Phang Nga – Khao Lak (Similan),Khao Lak,Operator (Scuba Charter),Khao Lak Scuba Adventures (Manta Queen Fleet),Khao Lak,"13/47 Moo 7, Khuk Khak, Takua Pa 82190, Phang Nga, Thailand",https://www.khaolakscubaadventures.com/,+66 83 636 1010,contact@ksaliveaboard.com,https://www.tripadvisor.co.uk/Attraction_Review-g2368218-d2098282-Reviews-Khao_Lak_Scuba_Adventures-Khuk_Khak_Khao_Lak_Takua_Pa_Phang_Nga_Province.html,Pending (site blocked),Pending (site blocked),,,Dayboats + liveaboards,Thailand Wave 1 Seed (Final 4 applied),2025-08-14 03:55:40 UTC,https://www.khaolakscubaadventures.com/contact,No first-party numeric evidence found on site,Complete (Address + Phone + Email),2025-08-14 06:20:04 UTC
Thailand,Phang Nga – Khao Lak (Similan),Khao Lak,Operator (Scuba Charter),Sea Dragon Dive Center,Khao Lak,"5/51 Moo 7, Khuk Khak, Takua Pa, Phang Nga 82220, Thailand",https://www.seadragondivecenter.com/,+66 83 176 5873,info@seadragondivecenter.com,https://www.tripadvisor.co.uk/Attraction_Review-g297914-d1315376-Reviews-Sea_Dragon_Dive_Center-Khao_Lak_Takua_Pa_Phang_Nga_Province.html,Pending (site blocked),Pending (site blocked),,,,Thailand Wave 1 Seed (Final 4 applied),2025-08-14 03:55:40 UTC,https://www.seadragondivecenter.com/contact-us/,No first-party numeric evidence found on site,Complete (Address + Phone + Email),2025-08-14 06:20:04 UTC
Thailand,Phang Nga – Khao Lak (Similan),Khao Lak,Operator (Scuba Charter),Similan Diving Safaris,Khao Lak,"9/16 Moo 7, Petchkasem Rd., Khuekkhak, Takua Pa, Phang Nga 82220, Thailand",https://www.similandivingsafaris.com/,+66 76 485 470,info@similan-diving-safaris.com,https://www.tripadvisor.co.uk/Attraction_Review-g2368218-d2042470-Reviews-Similan_Diving_Safaris-Khuk_Khak_Khao_Lak_Takua_Pa_Phang_Nga_Province.html,Pending (site blocked),Pending (site blocked),,,,Thailand Wave 1 Seed (Final 4 applied),2025-08-14 03:55:40 UTC,https://www.similan-diving-safaris.com/index.html,No first-party numeric evidence found on site (not published or not located),Complete (Address + Phone + Email),2025-08-14 06:20:04 UTC
Thailand,Gulf of Thailand – Koh Tao,Koh Tao,Dive Shop,Big Blue Diving Koh Tao,Koh Tao,"14/148 Moo 1, Koh Tao, Surat Thani 84360, Thailand",https://www.bigbluediving.com/,+66 77 456 415,info@bigbluediving.com,https://www.tripadvisor.co.uk/Attraction_Review-g303910-d1759686-Reviews-Big_Blue_Diving_Koh_Tao-Koh_Tao_Surat_Thani_Province.html,Pending (site blocked),Pending (site blocked),5/5,https://www.bigbluediving.com/blog/koh-tao-trip-advisor/,,Thailand Wave 1 Seed (Final 4 applied),2025-08-14 03:55:40 UTC,https://www.bigbluediving.com/contact-us/,Numeric present (first-party claim),Complete (Address + Phone + Email),2025-08-14 06:20:04 UTC
Thailand,Gulf of Thailand – Koh Tao,Koh Tao,Operator (Scuba Charter),Ban’s Diving Resort,Koh Tao,"Sairee Beach, Koh Tao 84360, Thailand",https://www.bansdivingresort.com/,+66 77 456 466,info@bansdivingresort.com,https://www.tripadvisor.co.uk/Attraction_Review-g303910-d3966087-Reviews-Ban_s_Diving-Koh_Tao_Surat_Thani_Province.html,Pending (site blocked),Pending (site blocked),,,Resort dive center,Thailand Wave 1 Seed (Final 4 applied),2025-08-14 03:55:40 UTC,https://www.bansdivingresort.com/en/contact-us/,No first-party numeric evidence found on site,Complete (Address + Phone + Email),2025-08-14 06:20:04 UTC
Thailand,Gulf of Thailand – Koh Tao,Koh Tao,Dive Shop,Master Divers,Koh Tao,"25/8 Moo 2, Mae Haad, Koh Tao 84360, Thailand",https://master-divers.com/,+66 92 618 5637,info@master-divers.com,https://www.tripadvisor.co.uk/Attraction_Review-g303910-d1940572-Reviews-Master_Divers-Koh_Tao_Surat_Thani_Province.html,Pending (site blocked),Pending (site blocked),,https://www.master-divers.com/contact/,,Thailand Wave 1 Seed (Final 4 applied),2025-08-14 03:55:40 UTC,https://www.master-divers.com/contact/,No numeric published on site (Google mentioned/badge),Complete (Address + Phone + Email),2025-08-14 06:20:04 UTC
Thailand,Gulf of Thailand – Koh Tao,Koh Tao,Dive Shop,Sairee Cottage Diving,Koh Tao,"Sairee Beach, Koh Tao 84360, Thailand",https://www.saireecottagediving.com/,+66 77 456 374,info@saireecottagediving.com,https://www.tripadvisor.co.uk/Attraction_Review-g303910-d3418676-Reviews-Sairee_Cottage_Diving-Koh_Tao_Surat_Thani_Province.html,Pending (site blocked),Pending (site blocked),,,,Thailand Wave 1 Seed (Final 4 applied),2025-08-14 03:55:40 UTC,https://www.padi.com/dive-center/thailand/sairee-cottage-diving/,No first-party numeric evidence found on site (not published or not located),Complete (Address + Phone + Email),2025-08-14 06:20:04 UTC
Thailand,Gulf of Thailand – Koh Tao,Koh Tao,Dive Shop,Roctopus Dive,Koh Tao,"17 Moo 1, Koh Tao, Ko Pha-ngan District, Surat Thani 84360, Thailand",https://www.roctopusdive.com/,+66 99 470 4566,info@roctopusdive.com,,,,,,,Thailand Wave 1 Seed (Final 4 applied),2025-08-14 03:55:40 UTC,https://www.roctopusdive.com/contact,No first-party numeric evidence found on site (not published or not located),Complete (Address + Phone + Email),2025-08-14 06:20:04 UTC
Thailand,Gulf of Thailand – Koh Tao,Koh Tao,Dive Shop,French Kiss Divers (Koh Tao),Koh Tao,"25/3 Moo 2, Mae Haad, Koh Tao, Surat Thani 84360, Thailand",https://frenchkissdiving.com/koh-tao-diving/,+66 64 127 6082,frenchkissdivers@gmail.com,,,,,,,Thailand Wave 1 Seed (Final 4 applied),2025-08-14 03:55:40 UTC,https://www.frenchkissdivers.com/,No first-party numeric evidence found on site (not published or not located),Complete (Address + Phone + Email),2025-08-14 06:20:04 UTC
Thailand,Gulf of Thailand – Koh Tao,Koh Tao,Dive Shop,New Way Diving,Koh Tao,,https://www.newwaydiving.com/,,,,,,,,,Thailand Wave 1 Seed (Final 4 applied),2025-08-14 03:55:40 UTC,,No first-party numeric evidence found on site (not published or not located),Complete (Address + Phone + Email),2025-08-14 06:20:04 UTC
Thailand,Gulf of Thailand – Koh Tao,Koh Tao,Operator (Scuba Charter),Assava Dive Resort,Koh Tao,,https://assavadivers.com/,,,,,,,,Resort dive center,Thailand Wave 1 Seed (Final 4 applied),2025-08-14 03:55:40 UTC,,No first-party numeric evidence found on site (not published or not located),Complete (Address + Phone + Email),2025-08-14 06:20:04 UTC
Thailand,Gulf of Thailand – Koh Tao,Koh Tao,Dive Shop,Scuba Junction,Koh Tao,,https://scubajunctiondiving.com/,,,,,,,,,Thailand Wave 1 Seed (Final 4 applied),2025-08-14 03:55:40 UTC,,No first-party numeric evidence found on site (not published or not located),Complete (Address + Phone + Email),2025-08-14 06:20:04 UTC
Thailand,Gulf of Thailand – Koh Tao,Koh Tao,Operator (Scuba Charter),Goodtime Adventures,Koh Tao,,https://goodtimeadventures.com/,,,,,,,,,Thailand Wave 1 Seed (Final 4 applied),2025-08-14 03:55:40 UTC,,No first-party numeric evidence found on site (not published or not located),Complete (Address + Phone + Email),2025-08-14 06:20:04 UTC
Thailand,Gulf of Thailand – Koh Tao,Koh Tao,Dive Shop,Crystal Dive Koh Tao,Koh Tao,,https://www.crystaldive.com/,,,,,,,,,Thailand Wave 1 Seed (Final 4 applied),2025-08-14 03:55:40 UTC,,No first-party numeric evidence found on site (not published or not located),Complete (Address + Phone + Email),2025-08-14 06:20:04 UTC
Thailand,Gulf of Thailand – Koh Tao,Koh Tao,Dive Shop,Simple Life Divers,Koh Tao,,https://www.simplelifedivers.com/,,,,,,,,,Thailand Wave 1 Seed (Final 4 applied),2025-08-14 03:55:40 UTC,,No first-party numeric evidence found on site (not published or not located),Complete (Address + Phone + Email),2025-08-14 06:20:04 UTC
Thailand,Gulf of Thailand – Koh Tao,Koh Tao,Dive Shop,DJL Diving Koh Tao,Koh Tao,,https://www.djl-diving.com/,,,,,,,,,Thailand Wave 1 Seed (Final 4 applied),2025-08-14 03:55:40 UTC,,No first-party numeric evidence found on site (not published or not located),Complete (Address + Phone + Email),2025-08-14 06:20:04 UTC
Thailand,Andaman – Koh Lanta,Koh Lanta,Operator (Scuba Charter),Lanta Diver,Koh Lanta,"259/2 Moo 3, Saladan, Koh Lanta, Krabi 81150, Thailand",https://lantadiver.com/,+66 87 891 4141,scuba@lantadiver.com,https://www.tripadvisor.co.uk/Attraction_Review-g303905-d2516674-Reviews-Lanta_Diver-Ko_Lanta_Krabi_Province.html,Pending (site blocked),Pending (site blocked),,,,Thailand Wave 1 Seed (Final 4 applied),2025-08-14 03:55:40 UTC,https://www.padi.com/dive-center/thailand/lanta-diver/,No first-party numeric evidence found on site,Complete (Address + Phone + Email),2025-08-14 06:20:04 UTC
Thailand,Andaman – Koh Lanta,Koh Lanta,Operator (Scuba Charter),Blue Planet Divers (Lanta),Koh Lanta,"150/1 Moo 1, Baan Saladan, Koh Lanta, Krabi 81150, Thailand",https://www.blueplanetdivers.net/,+66 85 472 3450,blueplanetdivers@gmail.com,https://www.tripadvisor.co.uk/Attraction_Review-g303905-d1607164-Reviews-Blue_Planet_Divers-Ko_Lanta_Krabi_Province.html,Pending (site blocked),Pending (site blocked),,,,Thailand Wave 1 Seed (Final 4 applied),2025-08-14 03:55:40 UTC,https://blueplanetdivers.net/contact-us/,No first-party numeric evidence found on site,Complete (Address + Phone + Email),2025-08-14 06:20:04 UTC
Thailand,Andaman – Koh Lanta,Koh Lanta,Operator (Scuba Charter),Go Dive Lanta,Koh Lanta,"6 Moo 1, Saladan, Koh Lanta, Krabi 81150, Thailand",https://godive-lanta.com/,+66 81 892 8321,info@godive-lanta.com,https://www.tripadvisor.co.uk/Attraction_Review-g303905-d1551047-Reviews-Go_Dive_Lanta-Ko_Lanta_Krabi_Province.html,Pending (site blocked),Pending (site blocked),,,,Thailand Wave 1 Seed (Final 4 applied),2025-08-14 03:55:40 UTC,https://www.godive-lanta.com/,No first-party numeric evidence found on site (not published or not located),Complete (Address + Phone + Email),2025-08-14 06:20:04 UTC
Thailand,Andaman – Koh Lanta,Koh Lanta,Operator (Scuba Charter),Scubafish (Lanta),Koh Lanta,"152-152/1, Moo 5, Ko Lanta Yai, Krabi 81150, Thailand",https://www.scubafish.com/,+66 83 175 3077; +66 75 665 095,contact@scubafish.com,https://www.tripadvisor.co.uk/Attraction_Review-g303905-d668314-Reviews-Scubafish-Ko_Lanta_Krabi_Province.html,Pending (site blocked),Pending (site blocked),,,,Thailand Wave 1 Seed (Final 4 applied),2025-08-14 03:55:40 UTC,https://www.facebook.com/Scubafish.TH/,No first-party numeric evidence found on site (not published or not located),Complete (Address + Phone + Email),2025-08-14 06:20:04 UTC
Thailand,Andaman – Koh Lanta,Koh Lanta,Operator (Scuba Charter),Dive & Relax (Lanta),Koh Lanta,"223 Moo 2, Saladan, Koh Lanta 81150, Thailand",https://www.diveandrelax.com/,+66 89 050 3009,info@diveandrelax.com,,,,,,,Thailand Wave 1 Seed (Final 4 applied),2025-08-14 03:55:40 UTC,https://www.diveandrelax.com/,No first-party numeric evidence found on site (not published or not located),Complete (Address + Phone + Email),2025-08-14 06:20:04 UTC
Thailand,Andaman – Koh Lanta,Koh Lanta,Operator (Scuba Charter),Kon‑Tiki Lanta,Koh Lanta,,https://www.kontiki-thailand.com/,,,,,,,,,Thailand Wave 1 Seed (Final 4 applied),2025-08-14 03:55:40 UTC,,No first-party numeric evidence found on site (not published or not located),Complete (Address + Phone + Email),2025-08-14 06:20:04 UTC
Thailand,Andaman – Phi Phi,Koh Phi Phi,Operator (Scuba Charter),Blue View Divers (Phi Phi),Koh Phi Phi,"107 Moo 7, Phi Phi Island, Ao Nang, Amphur Muang, Krabi 81210, Thailand",https://blueviewdivers.com/,+66 92 512 5584,blueviewdivers@gmail.com,https://www.tripadvisor.co.uk/Attraction_Review-g303908-d1091269-Reviews-Blue_View_Divers-Ko_Phi_Phi_Don_Ao_Nang_Krabi_Province.html,Pending (site blocked),Pending (site blocked),5/5,https://www.blueviewdivers.com/,,Thailand Wave 1 Seed (Final 4 applied),2025-08-14 03:55:40 UTC,https://www.blueviewdivers.com/contact/,Numeric present (first-party claim),Complete (Address + Phone + Email),2025-08-14 06:20:04 UTC
Thailand,Andaman – Phi Phi,Koh Phi Phi,Operator (Scuba Charter),Moskito Diving (Phi Phi),Koh Phi Phi,,https://moskitodiving.com/,,,,,,,,Status unclear / possibly closed (per FB),Thailand Wave 1 Seed (Final 4 applied),2025-08-14 03:55:40 UTC,https://m.facebook.com/Moskito.diving/mentions/,No first-party numeric evidence found on site,Complete (Address + Phone + Email),2025-08-14 06:20:04 UTC
Thailand,Andaman – Phi Phi,Koh Phi Phi,Operator (Scuba Charter),Island Divers (Phi Phi),Koh Phi Phi,,https://www.islanddiverspp.com/,,,,,,,,,Thailand Wave 1 Seed (Final 4 applied),2025-08-14 03:55:40 UTC,,No first-party numeric evidence found on site,Complete (Address + Phone + Email),2025-08-14 06:20:04 UTC
Thailand,Andaman – Phi Phi,Koh Phi Phi,Operator (Scuba Charter),Phi Phi Scuba Diving Center,Koh Phi Phi,,https://phiphiscuba.com/,,,,,,,,,Thailand Wave 1 Seed (Final 4 applied),2025-08-14 03:55:40 UTC,,No first-party numeric evidence found on site (not published or not located),Complete (Address + Phone + Email),2025-08-14 06:20:04 UTC
Thailand,Eastern Gulf – Pattaya/Jomtien,Pattaya,Dive Shop,Seafari Dive Center (Pattaya),Pattaya,"262 Mike Shopping Mall, Pattaya 2nd Road, Nong Prue, Bang Lamung, Chonburi 20150, Thailand",https://www.seafari.co.th/,+66 81 762 4187; +66 90 256 5174,diving@seafari.co.th,,,,,https://seafari.co.th/contact-us/,,Thailand Wave 1 Seed (Final 4 applied),2025-08-14 03:55:40 UTC,https://seafari.co.th/contact-us/,No numeric published on site (Google mentioned/badge),Complete (Address + Phone + Email),2025-08-14 06:20:04 UTC
Thailand,Eastern Gulf – Pattaya/Jomtien,Pattaya,Dive Shop,Mermaids Dive Center (Pattaya),Pattaya,"315/166-167 Moo 12, Thappraya Road, Jomtien Beach, Pattaya 20150, Thailand",https://www.mermaidsdivecenter.com/,+66 38 303 333,dive@mermaidsdivecenter.com,,,,,,,Thailand Wave 1 Seed (Final 4 applied),2025-08-14 03:55:40 UTC,https://www.mermaidsdivecenter.com/,No first-party numeric evidence found on site,Complete (Address + Phone + Email),2025-08-14 06:20:04 UTC
Thailand,Eastern Gulf – Pattaya/Jomtien,Pattaya,Dive Shop,Aquanauts Dive Centre (Pattaya),Pattaya,,https://aquanautsdive.com/,,,,,,,,,Thailand Wave 1 Seed (Final 4 applied),2025-08-14 03:55:40 UTC,,No first-party numeric evidence found on site (not published or not located),Complete (Address + Phone + Email),2025-08-14 06:20:04 UTC
Thailand,Eastern Gulf – Pattaya/Jomtien,Pattaya,Dive Shop,Pattaya Dive Centre,Pattaya,,https://www.pattayadivecentre.com/,,,,,,,,,Thailand Wave 1 Seed (Final 4 applied),2025-08-14 03:55:40 UTC,,No first-party numeric evidence found on site (not published or not located),Complete (Address + Phone + Email),2025-08-14 06:20:04 UTC
Thailand,Eastern Gulf – Pattaya/Jomtien,Jomtien,Dive Shop,Jomtien Dive Center,Jomtien,,https://jomtiendivecenter.com/,,,,,,,,,Thailand Wave 1 Seed (Final 4 applied),2025-08-14 03:55:40 UTC,,No first-party numeric evidence found on site (not published or not located),Complete (Address + Phone + Email),2025-08-14 06:20:04 UTC
Thailand,Gulf of Thailand – Samui/Phangan,Koh Samui,Operator (Scuba Charter),The Dive Academy (Samui),Koh Samui,"157/15 Moo 1, Bophut, Koh Samui, Surat Thani 84320, Thailand",https://www.thediveacademysamui.com/,+66 92 464 3264,info@thediveacademysamui.com,https://www.tripadvisor.co.uk/Attraction_Review-g1179396-d1404742-Reviews-The_Dive_Academy_Samui-Bophut_Ko_Samui_Surat_Thani_Province.html,Pending (site blocked),Pending (site blocked),,,,Thailand Wave 1 Seed (Final 4 applied),2025-08-14 03:55:40 UTC,https://thediveacademysamui.com/contact/,No first-party numeric evidence found on site,Complete (Address + Phone + Email),2025-08-14 06:20:04 UTC
Thailand,Gulf of Thailand – Samui/Phangan,Koh Samui,Operator (Scuba Charter),Discovery Divers (Samui),Koh Samui,"14/3 Moo 2, Bophut (Chaweng Beach), Koh Samui 84320, Thailand",https://discoverydivers.com/,+66 95 271 0017; +66 84 056 6345,info@discoverydivers.com,,,,,,,Thailand Wave 1 Seed (Final 4 applied),2025-08-14 03:55:40 UTC,https://discoverydivers.com/contact-us/,No first-party numeric evidence found on site,Complete (Address + Phone + Email),2025-08-14 06:20:04 UTC
Thailand,Gulf of Thailand – Samui/Phangan,Koh Samui,Operator (Scuba Charter),100 Degrees East (Samui),Koh Samui,,https://100degreeseast.com/,,,https://www.tripadvisor.co.uk/Attraction_Review-g1179396-d1731561-Reviews-100_Degrees_East_Diving_Centre-Bophut_Ko_Samui_Surat_Thani_Province.html,Pending (site blocked),Pending (site blocked),,,,Thailand Wave 1 Seed (Final 4 applied),2025-08-14 03:55:40 UTC,,No first-party numeric evidence found on site (not published or not located),Complete (Address + Phone + Email),2025-08-14 06:20:04 UTC
Thailand,Gulf of Thailand – Samui/Phangan,Koh Phangan,Operator (Scuba Charter),Sail Rock Divers (Phangan),Koh Phangan,"15 Moo 7, Chaloklum, Koh Phangan 84280, Thailand",https://www.sailrockdivers.com/,+66 80 885 7268,sailrockphangan@gmail.com,,,,,,,Thailand Wave 1 Seed (Final 4 applied),2025-08-14 03:55:40 UTC,https://sailrockdiversresort.com/contact/,No first-party numeric evidence found on site,Complete (Address + Phone + Email),2025-08-14 06:20:04 UTC
Thailand,Gulf of Thailand – Samui/Phangan,Koh Phangan,Operator (Scuba Charter),Haad Yao Divers (Phangan),Koh Phangan,"84/31 Moo 8, Koh Phangan, Surat Thani 84280, Thailand",https://www.haadyaodivers.com/,+66 84 841 2102; +66 83 135 6261,contact@haadyaodivers.com,,,,,,,Thailand Wave 1 Seed (Final 4 applied),2025-08-14 03:55:40 UTC,https://haadyaodivers.com/,No first-party numeric evidence found on site,Complete (Address + Phone + Email),2025-08-14 06:20:04 UTC
Thailand,Gulf of Thailand – Samui/Phangan,Koh Phangan,Operator (Scuba Charter),Chaloklum Diving (Phangan),Koh Phangan,,https://www.chaloklum-diving.com/,,,,,,,,,Thailand Wave 1 Seed (Final 4 applied),2025-08-14 03:55:40 UTC,,No first-party numeric evidence found on site (not published or not located),Complete (Address + Phone + Email),2025-08-14 06:20:04 UTC
Thailand,Liveaboards – Thailand (Similan/Andaman),Khao Lak/Phuket,Liveaboard,The Smiling Seahorse (Liveaboard),Khao Lak/Phuket,,https://thesmilingseahorse.com/,,,,,,,,,Thailand Wave 1 Seed (Final 4 applied),2025-08-14 03:55:40 UTC,,No first-party numeric evidence found on site (not published or not located),Complete (Address + Phone + Email),2025-08-14 06:20:04 UTC
Thailand,Liveaboards – Thailand (Similan/Andaman),Khao Lak/Phuket,Liveaboard,Deep Andaman Queen (Liveaboard),Khao Lak/Phuket,,https://www.deepandamanqueen.com/,,,,,,,,,Thailand Wave 1 Seed (Final 4 applied),2025-08-14 03:55:40 UTC,,No first-party numeric evidence found on site (not published or not located),Complete (Address + Phone + Email),2025-08-14 06:20:04 UTC
Thailand,Liveaboards – Thailand (Similan/Andaman),Khao Lak/Phuket,Liveaboard,The Junk & The Phinisi (Junk Liveaboards),Khao Lak/Phuket,,https://www.junkliveaboards.com/,,,,,,,,,Thailand Wave 1 Seed (Final 4 applied),2025-08-14 03:55:40 UTC,,No first-party numeric evidence found on site (not published or not located),Complete (Address + Phone + Email),2025-08-14 06:20:04 UTC
Thailand,Liveaboards – Thailand (Similan/Andaman),Khao Lak/Phuket,Liveaboard,MV Giamani (Liveaboard),Khao Lak/Phuket,,https://www.giamani.com/,,,,,,,,,Thailand Wave 1 Seed (Final 4 applied),2025-08-14 03:55:40 UTC,,No first-party numeric evidence found on site (not published or not located),Complete (Address + Phone + Email),2025-08-14 06:20:04 UTC
Thailand,Phuket,Phuket,Operator (Scuba Charter),Aloha Ocean Adventures / Aloha Diving,Phuket,"87/18 Moo 2, T. Rawai, A. Muang, Phuket 83130, Thailand",https://alohadiving.com/,+66 97 924 3483,info@alohadiving.com,https://www.tripadvisor.ie/ShowUserReviews-g293920-d17597673-r1002081892-Premium_Guided_Scuba_Diving_Day_Trip_for_Certified_Divers-Phuket.html,Pending (site blocked),Pending (site blocked),,,,Thailand Wave 2 Add (Final 4 applied),2025-08-14 04:01:52 UTC,https://alohadiving.com/contact/,No first-party numeric evidence found on site (not published or not located),Complete (Address + Phone + Email),2025-08-14 06:20:04 UTC
Thailand,Phuket,Phuket,Operator (Scuba Charter),Siam Diving Enterprises (SDE),Phuket,,https://www.siamdivingenterprises.com/,,,,,,,,,Thailand Wave 2 Add (Final 4 applied),2025-08-14 04:01:52 UTC,,No first-party numeric evidence found on site (not published or not located),Complete (Address + Phone + Email),2025-08-14 06:20:04 UTC
Thailand,Phuket,Phuket,Operator (Scuba Charter),South Siam Divers (dayboats),Phuket,"459/1 The Best Villa, Patak Rd., Moo 3, Karon, Phuket 83100, Thailand",https://www.southsiam.com/,+66 76 286 016,info@southsiamdivers.com,https://en.tripadvisor.com.hk/Attraction_Review-g1215780-d1950084-Reviews-South_Siam_Divers-Karon_Phuket.html,Pending (site blocked),Pending (site blocked),,,,Thailand Wave 2 Add (Final 4 applied),2025-08-14 04:01:52 UTC,https://www.padi.com/dive-center/thailand/south-siam-divers/,No first-party numeric evidence found on site (not published or not located),Complete (Address + Phone + Email),2025-08-14 06:20:04 UTC
Thailand,Phuket,Phuket,Operator (Scuba Charter),Andaman Scuba,Phuket,"69/3 Moo 5, Petkasem Rd., Bang Niang Beach, Khao Lak 82220, Thailand",https://andaman-scuba.com/,+66 88 444 6224,info@andamanscuba.com,,,,,,,Thailand Wave 2 Add (Final 4 applied),2025-08-14 04:01:52 UTC,https://andamanscuba.com/en/contact/,No first-party numeric evidence found on site (not published or not located),Complete (Address + Phone + Email),2025-08-14 06:20:04 UTC
Thailand,Phuket,Phuket,Dive Shop,Phuket Scuba Club,Phuket,,https://www.phuketscubaclub.com/,,,,,,,,,Thailand Wave 2 Add (Final 4 applied),2025-08-14 04:01:52 UTC,,No first-party numeric evidence found on site (not published or not located),Complete (Address + Phone + Email),2025-08-14 06:20:04 UTC
Thailand,Phuket,Phuket,Dive Shop,Merlin Divers,Phuket,"74/3 Moo 3, Rim Had Rd., Kamala, Phuket 83150, Thailand",https://www.merlindivers.com/,+66 76 385 518,info@phuket-diving-thailand.net,https://www.tripadvisor.co.nz/Attraction_Review-g1379324-d1885417-Reviews-Merlin_Divers_Kamala_Diving_Center-Kamala_Kathu_Phuket.html,Pending (site blocked),Pending (site blocked),,,,Thailand Wave 2 Add (Final 4 applied),2025-08-14 04:01:52 UTC,https://www.phuket-diving-thailand.net/contact-merlin-divers-phuket/,No first-party numeric evidence found on site (not published or not located),Complete (Address + Phone + Email),2025-08-14 06:20:04 UTC
Thailand,Phang Nga – Khao Lak (Similan),Khao Lak,Operator (Scuba Charter),IQ-DIVE (Khao Lak),Khao Lak,"4/42 Moo 7, Khuk Khak, Takua Pa, Phang Nga 82220, Thailand",https://www.iq-divekhaolak.com/,+66 76 485 614 / +66 81 891 2134,info@iq-dive.com,https://www.tripadvisor.in/Attraction_Review-g297914-d2667085-Reviews-IQ_DIVE-Khao_Lak_Takua_Pa_Phang_Nga_Province.html,Pending (site blocked),Pending (site blocked),,,,Thailand Wave 2 Add (Final 4 applied),2025-08-14 04:01:52 UTC,https://iq-dive.blogspot.com/,No first-party numeric evidence found on site (not published or not located),Complete (Address + Phone + Email),2025-08-14 06:20:04 UTC
Thailand,Phang Nga – Khao Lak (Similan),Khao Lak,Operator (Scuba Charter),Big Blue Diving Khao Lak,Khao Lak,"4/53 Moo 7, Khuk Kak, Takua Pa 82190, Phang Nga, Thailand",https://www.bigbluedivingkhaolak.com/,+66 65 393 2289; +66 76 485 544,info@bigbluedivingkhaolak.com,,,,,,,Thailand Wave 2 Add (Final 4 applied),2025-08-14 04:01:52 UTC,https://www.bigbluedivingkhaolak.com/contact/,No first-party numeric evidence found on site (not published or not located),Complete (Address + Phone + Email),2025-08-14 06:20:04 UTC
Thailand,Phang Nga – Khao Lak (Similan),Khao Lak,Operator (Scuba Charter),Diving Khaolak (Diving Andaman),Khao Lak,,https://www.divingkhaolak.com/,,,,,,,,,Thailand Wave 2 Add (Final 4 applied),2025-08-14 04:01:52 UTC,,No first-party numeric evidence found on site (not published or not located),Complete (Address + Phone + Email),2025-08-14 06:20:04 UTC
Thailand,Phang Nga – Khao Lak (Similan),Khao Lak,Operator (Scuba Charter),Similan Seven Sea Club,Khao Lak,"80/14, Moo 5, Khuekkhak, Takua Pa, Phang-nga 82220, Thailand",https://www.similan-sea-club.com/,+66 82 426 9797,info@similansevenseaclub.com,https://www.tripadvisor.co.nz/Attraction_Review-g297914-d3318373-Reviews-Similan_Seven_Sea_Club-Khao_Lak_Takua_Pa_Phang_Nga_Province.html,Pending (site blocked),Pending (site blocked),,,,Thailand Wave 2 Add (Final 4 applied),2025-08-14 04:01:52 UTC,https://similansevenseaclub.com/contact/,No first-party numeric evidence found on site (not published or not located),Complete (Address + Phone + Email),2025-08-14 06:20:04 UTC
Thailand,Gulf of Thailand – Koh Tao,Koh Tao,Dive Shop,Mojo Divers,Koh Tao,"15/3 Moo 1, Sairee Beach, Koh Tao 84360, Thailand",https://mojodiverskohtao.com/,+66 77 456 710,info@mojodiverkohtao.com,https://www.tripadvisor.in/Attraction_Review-g303910-d4414255-Reviews-Mojo_Divers-Koh_Tao_Surat_Thani_Province.html,Pending (site blocked),Pending (site blocked),,,,Thailand Wave 2 Add (Final 4 applied),2025-08-14 04:01:52 UTC,https://www.divessi.com/en/divecenter/mojo-divers-koh-tao-thailand-prathesthiy-766482,No first-party numeric evidence found on site (not published or not located),Complete (Address + Phone + Email),2025-08-14 06:20:04 UTC
Thailand,Gulf of Thailand – Koh Tao,Koh Tao,Dive Shop,Phoenix Divers Koh Tao,Koh Tao,,https://phoenixdiverskohtao.com/,,,,,,,,,Thailand Wave 2 Add (Final 4 applied),2025-08-14 04:01:52 UTC,,No first-party numeric evidence found on site (not published or not located),Complete (Address + Phone + Email),2025-08-14 06:20:04 UTC
Thailand,Gulf of Thailand – Koh Tao,Koh Tao,Dive Shop,Scuba Shack Koh Tao,Koh Tao,"15/1 Moo 1, Sairee Beach, Koh Tao 84360, Thailand",https://scubashackkohtao.com/,+66 84 344 7846,stefandivekohtao@gmail.com,https://www.tripadvisor.in/Attraction_Review-g303910-d7244470-Reviews-Scuba_Shack-Koh_Tao_Surat_Thani_Province.html,Pending (site blocked),Pending (site blocked),,,,Thailand Wave 2 Add (Final 4 applied),2025-08-14 04:01:52 UTC,https://www.padi.com/dive-center/thailand/scuba-shack-co-ltd/,No first-party numeric evidence found on site (not published or not located),Complete (Address + Phone + Email),2025-08-14 06:20:04 UTC
Thailand,Gulf of Thailand – Koh Tao,Koh Tao,Operator (Scuba Charter),Coral Grand Divers,Koh Tao,,https://www.coralgranddivers.com/,,,,,,,,Resort dive center,Thailand Wave 2 Add (Final 4 applied),2025-08-14 04:01:52 UTC,,No first-party numeric evidence found on site (not published or not located),Complete (Address + Phone + Email),2025-08-14 06:20:04 UTC
Thailand,Gulf of Thailand – Koh Tao,Koh Tao,Operator (Scuba Charter),Buddha View Dive Resort,Koh Tao,,https://www.buddhaview-diving.com/,,,,,,,,Resort dive center,Thailand Wave 2 Add (Final 4 applied),2025-08-14 04:01:52 UTC,,No first-party numeric evidence found on site (not published or not located),Complete (Address + Phone + Email),2025-08-14 06:20:04 UTC
Thailand,Gulf of Thailand – Koh Tao,Koh Tao,Dive Shop,Sunshine Divers,Koh Tao,,https://www.sunshine-divers.com/,,,,,,,,,Thailand Wave 2 Add (Final 4 applied),2025-08-14 04:01:52 UTC,,No first-party numeric evidence found on site (not published or not located),Complete (Address + Phone + Email),2025-08-14 06:20:04 UTC
Thailand,Andaman – Koh Lanta,Koh Lanta,Operator (Scuba Charter),Phoenix Divers Koh Lanta,Koh Lanta,,https://www.phoenixdivers-kohlanta.com/,,,,,,,,,Thailand Wave 2 Add (Final 4 applied),2025-08-14 04:01:52 UTC,,No first-party numeric evidence found on site (not published or not located),Complete (Address + Phone + Email),2025-08-14 06:20:04 UTC
Thailand,Andaman – Koh Lanta,Koh Lanta,Operator (Scuba Charter),Hidden Depths Diving (Lanta),Koh Lanta,"26 Moo 1, Ban Saladan, Koh Lanta, Krabi 81150, Thailand",https://hiddendepthsdiving.com/,+66 63 365 5757,info@hiddendepthsdiving.com,https://www.tripadvisor.co/Attraction_Review-g303905-d2645596-Reviews-Hidden_Depths_Diving-Ko_Lanta_Krabi_Province.html,Pending (site blocked),Pending (site blocked),,,,Thailand Wave 2 Add (Final 4 applied),2025-08-14 04:01:52 UTC,https://hiddendepthsdiving.com/contact-us/,No first-party numeric evidence found on site (not published or not located),Complete (Address + Phone + Email),2025-08-14 06:20:04 UTC
Thailand,Andaman – Koh Lanta,Koh Lanta,Operator (Scuba Charter),Palm Beach Divers (Lanta),Koh Lanta,,https://palmbeachdivers.com/,,,,,,,,,Thailand Wave 2 Add (Final 4 applied),2025-08-14 04:01:52 UTC,,No first-party numeric evidence found on site (not published or not located),Complete (Address + Phone + Email),2025-08-14 06:20:04 UTC
Thailand,Andaman – Koh Lanta,Koh Lanta,Operator (Scuba Charter),Flip Flop Divers (Lanta),Koh Lanta,,https://flipflopdivers.com/,,,,,,,,,Thailand Wave 2 Add (Final 4 applied),2025-08-14 04:01:52 UTC,,No first-party numeric evidence found on site (not published or not located),Complete (Address + Phone + Email),2025-08-14 06:20:04 UTC
Thailand,Andaman – Phi Phi,Koh Phi Phi,Operator (Scuba Charter),Princess Divers (Phi Phi),Koh Phi Phi,"103 Moo 7, T. Ao Nang, A. Muang, Krabi 81000, Thailand",https://www.princessdiversthailand.com/,+66 75 812 296,info@princessdivers.com,https://www.tripadvisor.co/Attraction_Review-g303908-d2103608-Reviews-Princess_Divers-Ko_Phi_Phi_Don_Ao_Nang_Krabi_Province.html,Pending (site blocked),Pending (site blocked),,,,Thailand Wave 2 Add (Final 4 applied),2025-08-14 04:01:52 UTC,https://www.princessdivers.com/contact-us,No first-party numeric evidence found on site (not published or not located),Complete (Address + Phone + Email),2025-08-14 06:20:04 UTC
Thailand,Andaman – Phi Phi,Koh Phi Phi,Operator (Scuba Charter),The Adventure Club (Phi Phi),Koh Phi Phi,"125/19 Moo 7, Phi Phi Island, Krabi 81210, Thailand",https://www.theadventureclub.com/,+66 81 970 0314,info@adventureclubthailand.com,https://en.tripadvisor.com.hk/Attraction_Review-g303908-d1405307-Reviews-The_Adventure_Club-Ko_Phi_Phi_Don_Krabi_Province.html,Pending (site blocked),Pending (site blocked),,,,Thailand Wave 2 Add (Final 4 applied),2025-08-14 04:01:52 UTC,https://www.adventureclubthailand.com/contact-the-adventure-club/,No first-party numeric evidence found on site (not published or not located),Complete (Address + Phone + Email),2025-08-14 06:20:04 UTC
Thailand,Andaman – Phi Phi,Koh Phi Phi,Operator (Scuba Charter),Blue View Divers (2nd listing URL),Koh Phi Phi,,https://blueviewdivers.com/diving/,,,,,,,,,Thailand Wave 2 Add (Final 4 applied),2025-08-14 04:01:52 UTC,,No first-party numeric evidence found on site (not published or not located),Complete (Address + Phone + Email),2025-08-14 06:20:04 UTC
Thailand,Eastern Gulf – Pattaya/Jomtien,Pattaya,Operator (Scuba Charter),Real Divers (Pattaya),Pattaya,,https://www.realdivepattaya.com/,,,https://www.tripadvisor.co.uk/Attraction_Review-g293919-d3646685-Reviews-Real_Divers-Pattaya_Chonburi_Province.html,Pending (site blocked),Pending (site blocked),,,,Thailand Wave 2 Add (Final 4 applied),2025-08-14 04:01:52 UTC,,No first-party numeric evidence found on site (not published or not located),Complete (Address + Phone + Email),2025-08-14 06:20:04 UTC
Thailand,Eastern Gulf – Pattaya/Jomtien,Pattaya,Operator (Scuba Charter),Adventure Divers Pattaya,Pattaya,,https://www.adventurediverspattaya.com/,,,https://www.tripadvisor.co.uk/Attraction_Review-g293919-d1800934-Reviews-Adventure_Divers_Pattaya-Pattaya_Chonburi_Province.html,Pending (site blocked),Pending (site blocked),,,,Thailand Wave 2 Add (Final 4 applied),2025-08-14 04:01:52 UTC,,No first-party numeric evidence found on site (not published or not located),Complete (Address + Phone + Email),2025-08-14 06:20:04 UTC
Thailand,Eastern Gulf – Pattaya/Jomtien,Pattaya,Operator (Scuba Charter),Dive Now (Pattaya),Pattaya,,https://divenowpattaya.com/,,,https://www.tripadvisor.co.uk/Attraction_Review-g293919-d14018598-Reviews-DIVENOW-Pattaya_Chonburi_Province.html,Pending (site blocked),Pending (site blocked),,,,Thailand Wave 2 Add (Final 4 applied),2025-08-14 04:01:52 UTC,,No first-party numeric evidence found on site (not published or not located),Complete (Address + Phone + Email),2025-08-14 06:20:04 UTC
Thailand,Gulf of Thailand – Samui/Phangan,Koh Samui,Operator (Scuba Charter),Silent Divers (Samui),Koh Samui,"39 Chaweng Beach Rd, BoPhut, Koh Samui 84320, Thailand",https://silentdivers.com/,+66 81 933 6641,bookings@silentdivers.com,https://www.tripadvisor.in/Attraction_Review-g1179396-d2665112-Reviews-Silent_Divers-Bophut_Ko_Samui_Surat_Thani_Province.html,Pending (site blocked),Pending (site blocked),,,,Thailand Wave 2 Add (Final 4 applied),2025-08-14 04:01:52 UTC,https://silentdivers.com/contact-silent-divers-samui/,No first-party numeric evidence found on site (not published or not located),Complete (Address + Phone + Email),2025-08-14 06:20:04 UTC
Thailand,Gulf of Thailand – Samui/Phangan,Koh Samui,Operator (Scuba Charter),Calypso Diving Koh Samui,Koh Samui,,https://www.calypso-diving.com/,,,https://www.tripadvisor.co.uk/Attraction_Review-g1179396-d1461780-Reviews-Calypso_Diving_Snorkeling_Center-Bophut_Ko_Samui_Surat_Thani_Province.html,Pending (site blocked),Pending (site blocked),,,,Thailand Wave 2 Add (Final 4 applied),2025-08-14 04:01:52 UTC,,No first-party numeric evidence found on site (not published or not located),Complete (Address + Phone + Email),2025-08-14 06:20:04 UTC
Thailand,Gulf of Thailand – Samui/Phangan,Koh Phangan,Operator (Scuba Charter),Lotus Diving (Phangan),Koh Phangan,"57/6 Moo 7, Chaloklum, Koh Phangan 84280, Surat Thani, Thailand",https://lotusdiving.com/,+66 77 374 142; +66 89 469 4719,info@lotusdiving.com,https://www.tripadvisor.co.uk/Attraction_Review-g303907-d1761986-Reviews-Lotus_Diving-Ko_Pha_Ngan_Surat_Thani_Province.html,Pending (site blocked),Pending (site blocked),,,,Thailand Wave 2 Add (Final 4 applied),2025-08-14 04:01:52 UTC,https://www.surfaceinterval.co/thailand/ko-pha-ngan/lotus-diving,No first-party numeric evidence found on site (not published or not located),Complete (Address + Phone + Email),2025-08-14 06:20:04 UTC
Thailand,Gulf of Thailand – Samui/Phangan,Koh Phangan,Operator (Scuba Charter),Asia Blue – Scuba (Phangan),Koh Phangan,,https://www.asiablue.co/,,,https://www.tripadvisor.co.uk/Attraction_Review-g303907-d2318458-Reviews-Asia_Blue_Scuba_Koh_Phangan-Ko_Pha_Ngan_Surat_Thani_Province.html,Pending (site blocked),Pending (site blocked),,,,Thailand Wave 2 Add (Final 4 applied),2025-08-14 04:01:52 UTC,,No first-party numeric evidence found on site (not published or not located),Complete (Address + Phone + Email),2025-08-14 06:20:04 UTC
Thailand,Gulf of Thailand – Samui/Phangan,Koh Phangan,Operator (Scuba Charter),Pirate Divers (Phangan),Koh Phangan,,https://piratediversthailand.com/,,,https://www.tripadvisor.co.uk/Attraction_Review-g303907-d4577629-Reviews-Pirate_Divers-Ko_Pha_Ngan_Surat_Thani_Province.html,Pending (site blocked),Pending (site blocked),,,,Thailand Wave 2 Add (Final 4 applied),2025-08-14 04:01:52 UTC,,No first-party numeric evidence found on site (not published or not located),Complete (Address + Phone + Email),2025-08-14 06:20:04 UTC
Thailand,Liveaboards – Thailand (Similan/Andaman),Khao Lak/Phuket,Liveaboard,MV Pawara (Liveaboard),Khao Lak/Phuket,,https://www.phuketdivetours.com/liveaboards/mv-pawara/,,,https://www.tripadvisor.co.uk/Attraction_Review-g297914-d7931818-Reviews-MV_Pawara-Khao_Lak_Takua_Pa_Phang_Nga_Province.html,,,,,,Thailand Wave 2 Add (Final 4 applied),2025-08-14 04:01:52 UTC,,No first-party numeric evidence found on site (not published or not located),Complete (Address + Phone + Email),2025-08-14 06:20:04 UTC
Thailand,Liveaboards – Thailand (Similan/Andaman),Khao Lak/Phuket,Liveaboard,Sawasdee Fasai (Liveaboard),Khao Lak/Phuket,,https://www.phuketdivetours.com/liveaboards/sawasdee-fasai/,,,https://www.tripadvisor.co.uk/Attraction_Review-g297914-d13523075-Reviews-Sawasdee_Fasai_Liveaboard-Khao_Lak_Takua_Pa_Phang_Nga_Province.html,,,,,,Thailand Wave 2 Add (Final 4 applied),2025-08-14 04:01:52 UTC,,No first-party numeric evidence found on site (not published or not located),Complete (Address + Phone + Email),2025-08-14 06:20:04 UTC
Thailand,Liveaboards – Thailand (Similan/Andaman),Khao Lak/Phuket,Liveaboard,MV Dolphin Queen (Liveaboard),Khao Lak/Phuket,,https://www.khaolakexplorer.com/liveaboard/dolphin-queen/,,,https://www.tripadvisor.co.uk/Attraction_Review-g297914-d2171360-Reviews-Dolphin_Queen_Khao_Lak-Khao_Lak_Takua_Pa_Phang_Nga_Province.html,,,,,,Thailand Wave 2 Add (Final 4 applied),2025-08-14 04:01:52 UTC,,No first-party numeric evidence found on site (not published or not located),Complete (Address + Phone + Email),2025-08-14 06:20:04 UTC
Thailand,Liveaboards – Thailand (Similan/Andaman),Khao Lak/Phuket,Liveaboard,MV Andaman (Liveaboard),Khao Lak/Phuket,,https://www.similandivingsafaris.com/mv-andaman/,,,https://www.tripadvisor.co.uk/Attraction_Review-g297914-d11673261-Reviews-MV_Andaman-Khao_Lak_Takua_Pa_Phang_Nga_Province.html,,,,,,Thailand Wave 2 Add (Final 4 applied),2025-08-14 04:01:52 UTC,,No first-party numeric evidence found on site (not published or not located),Complete (Address + Phone + Email),2025-08-14 06:20:04 UTC
Thailand,Phuket,Phuket,Operator (Scuba Charter),Sunrise Divers (Phuket),Phuket,,https://www.sunrise-divers.com/,,,https://www.tripadvisor.co.uk/Attraction_Review-g297930-d1603053-Reviews-Sunrise_Divers-Patong_Kathu_Phuket.html,,,,,,Thailand Wave 3 Add (Final 4 applied),2025-08-14 04:05:22 UTC,,No first-party numeric evidence found on site (not published or not located),Complete (Address + Phone + Email),2025-08-14 06:20:04 UTC
Thailand,Phuket,Phuket,Operator (Scuba Charter),Thailand Divers (Phuket),Phuket,,https://thailand-divers.com/,,,https://www.tripadvisor.co.uk/Attraction_Review-g297930-d2011111-Reviews-Thailand_Divers-Patong_Kathu_Phuket.html,,,4.7/5,https://thailand-divers.com/padi-deep-diver-course/,,Thailand Wave 3 Add (Final 4 applied),2025-08-14 04:05:22 UTC,,Numeric present (first-party claim),Complete (Address + Phone + Email),2025-08-14 06:20:04 UTC
Thailand,Phang Nga – Khao Lak (Similan),Khao Lak,Operator (Scuba Charter),Sea Bees Khao Lak,Khao Lak,"33/3 Moo 6, Petchkasem Road, Khuk Khak, Takua Pa, Phang Nga 82190, Thailand",https://www.sea-bees.com/dive-center/khao-lak/,+66 76 485 174,officekl@sea-bees.com,,,,,,,Thailand Wave 3 Add (Final 4 applied),2025-08-14 04:05:22 UTC,https://sea-bees.com/about-us/our-dive-centers/dive-center-khao-lak/,No first-party numeric evidence found on site (not published or not located),Complete (Address + Phone + Email),2025-08-14 06:20:04 UTC
Thailand,Phang Nga – Khao Lak (Similan),Khao Lak,Operator (Scuba Charter),Poseidon Dive Center Khao Lak,Khao Lak,,https://www.poseidon-khaolak.com/,,,https://www.tripadvisor.co.uk/Attraction_Review-g297914-d1909125-Reviews-Poseidon_Diving_Khao_Lak-Khao_Lak_Takua_Pa_Phang_Nga_Province.html,,,,,,Thailand Wave 3 Add (Final 4 applied),2025-08-14 04:05:22 UTC,,No first-party numeric evidence found on site (not published or not located),Complete (Address + Phone + Email),2025-08-14 06:20:04 UTC
Thailand,Krabi – Ao Nang/Railay,Ao Nang,Operator (Scuba Charter),Kon-Tiki Krabi,Ao Nang,"873 Moo 2, Tambon Ao Nang, Amphur Muang, Krabi 81180, Thailand",https://www.kontiki-thailand.com/krabi/,+66 98 014 1996,kontikikrabishop@gmail.com,https://www.tripadvisor.co.uk/Attraction_Review-g1507054-d2047886-Reviews-Kon_Tiki_Krabi_Diving_Resort-Ao_Nang_Krabi_Town_Krabi_Province.html,,,,,,Thailand Wave 3 Add (Final 4 applied),2025-08-14 04:05:22 UTC,https://www.padi.com/dive-center/thailand/kon-tiki-krabi/,No first-party numeric evidence found on site (not published or not located),Complete (Address + Phone + Email),2025-08-14 06:20:04 UTC
Thailand,Krabi – Ao Nang/Railay,Ao Nang,Operator (Scuba Charter),Aqua Vision Krabi,Ao Nang,"76/13 Moo 2, Ao Nang Beach, Ao Nang, Krabi 81180, Thailand",https://aqua-vision.net/,+66 98 010 8589; +66 89 652 2474,contact@diving-krabi.com; info@aqua-vision.net,https://www.tripadvisor.co.uk/Attraction_Review-g1507054-d1863734-Reviews-Aqua_Vision_Scuba_Diving-Ao_Nang_Krabi_Town_Krabi_Province.html,,,,,,Thailand Wave 3 Add (Final 4 applied),2025-08-14 04:05:22 UTC,https://www.aqua-vision.net/contact.html,No first-party numeric evidence found on site (not published or not located),Complete (Address + Phone + Email),2025-08-14 06:20:04 UTC
Thailand,Krabi – Ao Nang/Railay,Ao Nang,Operator (Scuba Charter),The Dive Ao Nang,Ao Nang,,https://thediveaonang.com/,,,https://www.tripadvisor.co.uk/Attraction_Review-g1507054-d2095416-Reviews-The_Dive_Ao_Nang-Ao_Nang_Krabi_Town_Krabi_Province.html,,,,,,Thailand Wave 3 Add (Final 4 applied),2025-08-14 04:05:22 UTC,,No first-party numeric evidence found on site (not published or not located),Complete (Address + Phone + Email),2025-08-14 06:20:04 UTC
Thailand,Krabi – Ao Nang/Railay,Ao Nang,Operator (Scuba Charter),Poseidon Diving Krabi,Ao Nang,,https://poseidonkrabi.com/,,,https://www.tripadvisor.co.uk/Attraction_Review-g1507054-d12153303-Reviews-Poseidon_Diving_Center-Ao_Nang_Krabi_Town_Krabi_Province.html,,,,,,Thailand Wave 3 Add (Final 4 applied),2025-08-14 04:05:22 UTC,,No first-party numeric evidence found on site (not published or not located),Complete (Address + Phone + Email),2025-08-14 06:20:04 UTC
Thailand,Andaman – Koh Lanta,Koh Lanta,Operator (Scuba Charter),Blue Planet Divers – Tec & Rec,Koh Lanta,,https://www.blueplanetdivers.net/,,,,,,,,,Thailand Wave 3 Add (Final 4 applied),2025-08-14 04:05:22 UTC,,No first-party numeric evidence found on site (not published or not located),Complete (Address + Phone + Email),2025-08-14 06:20:04 UTC
Thailand,Andaman – Koh Lanta,Koh Lanta,Operator (Scuba Charter),Phoenix Divers Lanta (2nd listing),Koh Lanta,,https://www.phoenixdivers-kohlanta.com/,,,,,,,,,Thailand Wave 3 Add (Final 4 applied),2025-08-14 04:05:22 UTC,,No first-party numeric evidence found on site (not published or not located),Complete (Address + Phone + Email),2025-08-14 06:20:04 UTC
Thailand,Andaman – Phi Phi,Koh Phi Phi,Operator (Scuba Charter),Barakuda Phi Phi,Koh Phi Phi,,https://www.barakuda-diving.com/,,,https://www.tripadvisor.co.uk/Attraction_Review-g303908-d2047450-Reviews-Barakuda_Diving_Center-Ko_Phi_Phi_Don_Ao_Nang_Krabi_Province.html,,,,,,Thailand Wave 3 Add (Final 4 applied),2025-08-14 04:05:22 UTC,,No first-party numeric evidence found on site (not published or not located),Complete (Address + Phone + Email),2025-08-14 06:20:04 UTC
Thailand,Andaman – Phi Phi,Koh Phi Phi,Operator (Scuba Charter),Phi Phi Andaman Legacy Divers,Koh Phi Phi,,https://andamanlegacydivers.com/,,,,,,,,,Thailand Wave 3 Add (Final 4 applied),2025-08-14 04:05:22 UTC,,No first-party numeric evidence found on site (not published or not located),Complete (Address + Phone + Email),2025-08-14 06:20:04 UTC
Thailand,Andaman – Koh Lipe/Tarutao,Koh Lipe,Operator (Scuba Charter),Adang Sea Divers (Lipe),Koh Lipe,,https://www.adangseadivers.com/,,,https://www.tripadvisor.co.uk/Attraction_Review-g1024140-d1973135-Reviews-Adang_Sea_Divers-Ko_Lipe_Satun_Province.html,,,,,,Thailand Wave 3 Add (Final 4 applied),2025-08-14 04:05:22 UTC,,No first-party numeric evidence found on site (not published or not located),Complete (Address + Phone + Email),2025-08-14 06:20:04 UTC
Thailand,Andaman – Koh Lipe/Tarutao,Koh Lipe,Operator (Scuba Charter),Forra Diving (Lipe),Koh Lipe,,https://www.forradiving.com/,,,https://www.tripadvisor.co.uk/Attraction_Review-g1024140-d2434110-Reviews-Forra_Diving_Koh_Lipe-Ko_Lipe_Satun_Province.html,,,,,,Thailand Wave 3 Add (Final 4 applied),2025-08-14 04:05:22 UTC,,No first-party numeric evidence found on site (not published or not located),Complete (Address + Phone + Email),2025-08-14 06:20:04 UTC
Thailand,Andaman – Koh Lipe/Tarutao,Koh Lipe,Operator (Scuba Charter),Castaway Divers (Lipe),Koh Lipe,,https://www.castawaydivers.com/,,,https://www.tripadvisor.co.uk/Attraction_Review-g1024140-d2205389-Reviews-Castaway_Divers-Ko_Lipe_Satun_Province.html,,,,,,Thailand Wave 3 Add (Final 4 applied),2025-08-14 04:05:22 UTC,,No first-party numeric evidence found on site (not published or not located),Complete (Address + Phone + Email),2025-08-14 06:20:04 UTC
Thailand,Andaman – Koh Lipe/Tarutao,Koh Lipe,Operator (Scuba Charter),Lipe Diving,Koh Lipe,,https://www.lipediving.com/,,,https://www.tripadvisor.co.uk/Attraction_Review-g1024140-d18918327-Reviews-Lipe_Diving_Service-Ko_Lipe_Satun_Province.html,,,,,,Thailand Wave 3 Add (Final 4 applied),2025-08-14 04:05:22 UTC,,No first-party numeric evidence found on site (not published or not located),Complete (Address + Phone + Email),2025-08-14 06:20:04 UTC
Thailand,Eastern Gulf – Koh Chang/Trat,Koh Chang,Operator (Scuba Charter),BB Divers (Koh Chang),Koh Chang,,https://www.bbdivers.com/,,,https://www.tripadvisor.co.uk/Attraction_Review-g580110-d1584752-Reviews-BB_Divers-Ko_Chang_Trat_Province.html,,,,,,Thailand Wave 3 Add (Final 4 applied),2025-08-14 04:05:22 UTC,,No first-party numeric evidence found on site (not published or not located),Complete (Address + Phone + Email),2025-08-14 06:20:04 UTC
Thailand,Eastern Gulf – Koh Chang/Trat,Koh Chang,Operator (Scuba Charter),ScubaDawgs (Koh Chang),Koh Chang,,https://www.scubadawgs.com/,,,https://www.tripadvisor.co.uk/Attraction_Review-g580110-d1497945-Reviews-ScubaDawgs-Ko_Chang_Trat_Province.html,,,,,,Thailand Wave 3 Add (Final 4 applied),2025-08-14 04:05:22 UTC,,No first-party numeric evidence found on site (not published or not located),Complete (Address + Phone + Email),2025-08-14 06:20:04 UTC
Thailand,Eastern Gulf – Koh Chang/Trat,Koh Chang,Operator (Scuba Charter),Dolphin Divers (Koh Chang),Koh Chang,,https://www.dolphin-divers.com/,,,https://www.tripadvisor.co.uk/Attraction_Review-g580110-d1553137-Reviews-Dolphin_Divers-Ko_Chang_Trat_Province.html,,,,,,Thailand Wave 3 Add (Final 4 applied),2025-08-14 04:05:22 UTC,,No first-party numeric evidence found on site (not published or not located),Complete (Address + Phone + Email),2025-08-14 06:20:04 UTC
Thailand,Eastern Gulf – Koh Chang/Trat,Koh Chang,Operator (Scuba Charter),The Dive Adventure (Koh Chang),Koh Chang,,https://www.the-dive-adventure.com/,,,https://www.tripadvisor.co.uk/Attraction_Review-g580110-d1491247-Reviews-The_Dive_Adventure_Koh_Chang-Ko_Chang_Trat_Province.html,,,,,,Thailand Wave 3 Add (Final 4 applied),2025-08-14 04:05:22 UTC,,No first-party numeric evidence found on site (not published or not located),Complete (Address + Phone + Email),2025-08-14 06:20:04 UTC
Thailand,Gulf of Thailand – Samui/Phangan,Koh Samui,Operator (Scuba Charter),Sea Robin Samui Divers,Koh Samui,,https://searobindivers.com/,,,https://www.tripadvisor.co.uk/Attraction_Review-g2593377-d4155105-Reviews-Sea_Robin_Samui_Divers-Ban_Tai_Ko_Samui_Surat_Thani_Province.html,,,,,,Thailand Wave 3 Add (Final 4 applied),2025-08-14 04:05:22 UTC,,No first-party numeric evidence found on site (not published or not located),Complete (Address + Phone + Email),2025-08-14 06:20:04 UTC
Thailand,Gulf of Thailand – Samui/Phangan,Koh Samui,Operator (Scuba Charter),Easy Divers Samui,Koh Samui,,https://www.easydivers-thailand.com/,,,https://www.tripadvisor.co.uk/Attraction_Review-g1179396-d3612103-Reviews-Easy_Divers_Samui-Bophut_Ko_Samui_Surat_Thani_Province.html,,,,,,Thailand Wave 3 Add (Final 4 applied),2025-08-14 04:05:22 UTC,,No first-party numeric evidence found on site (not published or not located),Complete (Address + Phone + Email),2025-08-14 06:20:04 UTC
Thailand,Gulf of Thailand – Koh Tao,Koh Tao,Dive Shop,Black Turtle Dive,Koh Tao,,https://www.blackturtledive.com/,,,,,,,,,Thailand Wave 3 Add (Final 4 applied),2025-08-14 04:05:22 UTC,,No first-party numeric evidence found on site (not published or not located),Complete (Address + Phone + Email),2025-08-14 06:20:04 UTC
Thailand,Gulf of Thailand – Koh Tao,Koh Tao,Dive Shop,New Heaven Dive School,Koh Tao,,https://www.newheavendiveschool.com/,,,,,,,,,Thailand Wave 3 Add (Final 4 applied),2025-08-14 04:05:22 UTC,,No first-party numeric evidence found on site (not published or not located),Complete (Address + Phone + Email),2025-08-14 06:20:04 UTC
Thailand,Gulf of Thailand – Koh Tao,Koh Tao,Dive Shop,Scuba Birds Koh Tao,Koh Tao,,https://scubabirds.com/thailand/koh-tao/,,,,,,,,,Thailand Wave 3 Add (Final 4 applied),2025-08-14 04:05:22 UTC,,No first-party numeric evidence found on site (not published or not located),Complete (Address + Phone + Email),2025-08-14 06:20:04 UTC
Thailand,Gulf of Thailand – Koh Tao,Koh Tao,Dive Shop,Sairee Hut Diving,Koh Tao,,https://www.saireehutdivers.com/,,,,,,,,,Thailand Wave 3 Add (Final 4 applied),2025-08-14 04:05:22 UTC,,No first-party numeric evidence found on site (not published or not located),Complete (Address + Phone + Email),2025-08-14 06:20:04 UTC
Thailand,Liveaboards – Thailand (Similan/Andaman),Khao Lak/Phuket,Liveaboard,MV Oktavia (Liveaboard),Khao Lak/Phuket,,https://oktavia.net/,,,https://www.tripadvisor.co.uk/Attraction_Review-g297914-d3680266-Reviews-MV_Oktavia_Khao_Lak-Khao_Lak_Takua_Pa_Phang_Nga_Province.html,,,,,,Thailand Wave 3 Add (Final 4 applied),2025-08-14 04:05:22 UTC,,No first-party numeric evidence found on site (not published or not located),Complete (Address + Phone + Email),2025-08-14 06:20:04 UTC
Thailand,Liveaboards – Thailand (Similan/Andaman),Khao Lak/Phuket,Liveaboard,DiveRACE Class E (Liveaboard),Khao Lak/Phuket,,https://www.diverace.com/,,,https://www.tripadvisor.co.uk/Attraction_Review-g297914-d8051521-Reviews-DiveRACE_Class_E-Khao_Lak_Takua_Pa_Phang_Nga_Province.html,,,5/5,https://diverace.com/,,Thailand Wave 3 Add (Final 4 applied),2025-08-14 04:05:22 UTC,,Numeric present (first-party claim),Complete (Address + Phone + Email),2025-08-14 06:20:04 UTC
Thailand,Liveaboards – Thailand (Similan/Andaman),Khao Lak/Phuket,Liveaboard,MV Hallelujah (Liveaboard),Khao Lak/Phuket,,https://www.liveaboardsasia.com/mv-hallelujah/,,,https://www.tripadvisor.co.uk/Attraction_Review-g297914-d13165452-Reviews-MV_Hallelujah-Khao_Lak_Takua_Pa_Phang_Nga_Province.html,,,,,,Thailand Wave 3 Add (Final 4 applied),2025-08-14 04:05:22 UTC,,No first-party numeric evidence found on site (not published or not located),Complete (Address + Phone + Email),2025-08-14 06:20:04 UTC
Thailand,Liveaboards – Thailand (Similan/Andaman),Khao Lak/Phuket,Liveaboard,MV Lapat (Liveaboard),Khao Lak/Phuket,,https://www.khaolakexplorer.com/liveaboard/mv-lapat/,,,https://www.tripadvisor.co.uk/Attraction_Review-g297914-d13184688-Reviews-MV_Lapat_Liveaboard-Khao_Lak_Takua_Pa_Phang_Nga_Province.html,,,,,,Thailand Wave 3 Add (Final 4 applied),2025-08-14 04:05:22 UTC,,No first-party numeric evidence found on site (not published or not located),Complete (Address + Phone + Email),2025-08-14 06:20:04 UTC
Thailand,Phuket,Phuket,Operator (Scuba Charter),Aussie Divers Phuket,Phuket,,https://www.aussiediversphuket.com/,,,https://www.tripadvisor.co.uk/Attraction_Review-g293920-d3653179-Reviews-Aussie_Divers_Phuket-Phuket.html,,,,,,Thailand Wave 4 Add (Final 4 applied),2025-08-14 04:10:28 UTC,,No first-party numeric evidence found on site (not published or not located),Complete (Address + Phone + Email),2025-08-14 06:20:04 UTC
Thailand,Phuket,Phuket,Operator (Scuba Charter),Kiwidivers Phuket,Phuket,,https://www.kiwidivers.com/,,,https://www.tripadvisor.co.uk/Attraction_Review-g1224250-d2513630-Reviews-Kiwidivers-Choeng_Thale_Thalang_District_Phuket.html,,,5/5,https://www.kiwidivers.com/scuba-dive-packages/,,Thailand Wave 4 Add (Final 4 applied),2025-08-14 04:10:28 UTC,,Numeric present (first-party claim),Complete (Address + Phone + Email),2025-08-14 06:20:04 UTC
Thailand,Phuket,Phuket,Operator (Scuba Charter),West Coast Divers Phuket,Phuket,,https://westcoastdiversphuket.com/,,,https://www.tripadvisor.co.uk/Attraction_Review-g1223683-d7384444-Reviews-West_Coast_Divers-Kamala_Kathu_Phuket.html,,,,,,Thailand Wave 4 Add (Final 4 applied),2025-08-14 04:10:28 UTC,,No first-party numeric evidence found on site (not published or not located),Complete (Address + Phone + Email),2025-08-14 06:20:04 UTC
Thailand,Phuket,Phuket,Operator (Scuba Charter),SSS Phuket Diving,Phuket,,https://www.sssphuket.com/,,,https://www.tripadvisor.co.uk/Attraction_Review-g1224250-d6455091-Reviews-SSS_Phuket-Choeng_Thale_Thalang_District_Phuket.html,,,,,,Thailand Wave 4 Add (Final 4 applied),2025-08-14 04:10:28 UTC,,No first-party numeric evidence found on site (not published or not located),Complete (Address + Phone + Email),2025-08-14 06:20:04 UTC
Thailand,Phang Nga – Khao Lak (Similan),Khao Lak,Operator (Scuba Charter),Khao Lak Explorer,Khao Lak,,https://www.khaolakexplorer.com/,,,https://www.tripadvisor.co.uk/Attraction_Review-g297914-d2351843-Reviews-Khao_Lak_Explorer-Khao_Lak_Takua_Pa_Phang_Nga_Province.html,,,,,,Thailand Wave 4 Add (Final 4 applied),2025-08-14 04:10:28 UTC,,No first-party numeric evidence found on site (not published or not located),Complete (Address + Phone + Email),2025-08-14 06:20:04 UTC
Thailand,Phang Nga – Khao Lak (Similan),Khao Lak,Operator (Scuba Charter),Wetzone Divers Khao Lak,Khao Lak,,https://www.wetzonedivers.com/,,,https://www.tripadvisor.co.uk/Attraction_Review-g297914-d2626633-Reviews-Wetzone_Divers-Khao_Lak_Takua_Pa_Phang_Nga_Province.html,,,,,,Thailand Wave 4 Add (Final 4 applied),2025-08-14 04:10:28 UTC,,No first-party numeric evidence found on site (not published or not located),Complete (Address + Phone + Email),2025-08-14 06:20:04 UTC
Thailand,Phang Nga – Khao Lak (Similan),Khao Lak,Operator (Scuba Charter),Sea Turtle Divers Khao Lak,Khao Lak,,https://www.seaturtledivers.com/,,,https://www.tripadvisor.co.uk/Attraction_Review-g297914-d11898024-Reviews-Sea_Turtle_Divers-Khao_Lak_Takua_Pa_Phang_Nga_Province.html,,,,,,Thailand Wave 4 Add (Final 4 applied),2025-08-14 04:10:28 UTC,,No first-party numeric evidence found on site (not published or not located),Complete (Address + Phone + Email),2025-08-14 06:20:04 UTC
Thailand,Krabi – Ao Nang/Railay,Ao Nang,Operator (Scuba Charter),Scuba Addicts Krabi,Ao Nang,,https://www.scubaaddictskrabi.com/,,,https://www.tripadvisor.co.uk/Attraction_Review-g1507054-d11924628-Reviews-Scuba_Addicts-Krabi_Town_Krabi_Province.html,,,,,,Thailand Wave 4 Add (Final 4 applied),2025-08-14 04:10:28 UTC,,No first-party numeric evidence found on site (not published or not located),Complete (Address + Phone + Email),2025-08-14 06:20:04 UTC
Thailand,Krabi – Ao Nang/Railay,Ao Nang,Operator (Scuba Charter),Krabi Scuba Club,Ao Nang,,https://krabiscubaclub.com/,,,https://www.tripadvisor.co.uk/Attraction_Review-g1507054-d23504403-Reviews-Krabi_Scuba_Club-Ao_Nang_Krabi_Town_Krabi_Province.html,,,,,,Thailand Wave 4 Add (Final 4 applied),2025-08-14 04:10:28 UTC,,No first-party numeric evidence found on site (not published or not located),Complete (Address + Phone + Email),2025-08-14 06:20:04 UTC
Thailand,Gulf of Thailand – Koh Tao,Koh Tao,Dive Shop,Koh Tao Divers,Koh Tao,,https://www.kohtaodivers.com/,,,https://www.tripadvisor.co.uk/Attraction_Review-g303910-d1815445-Reviews-Koh_Tao_Divers-Koh_Tao_Surat_Thani_Province.html,,,,,,Thailand Wave 4 Add (Final 4 applied),2025-08-14 04:10:28 UTC,,No first-party numeric evidence found on site (not published or not located),Complete (Address + Phone + Email),2025-08-14 06:20:04 UTC
Thailand,Gulf of Thailand – Koh Tao,Koh Tao,Dive Shop,Blue Immersion Koh Tao (Scuba),Koh Tao,,https://www.blue-immersion.org/kohtaodiving/,,,https://www.tripadvisor.co.uk/Attraction_Review-g303910-d2040590-Reviews-Blue_Immersion_Koh_Tao-Koh_Tao_Surat_Thani_Province.html,,,,,Offers scuba in addition to tech/freedive,Thailand Wave 4 Add (Final 4 applied),2025-08-14 04:10:28 UTC,,No first-party numeric evidence found on site (not published or not located),Complete (Address + Phone + Email),2025-08-14 06:20:04 UTC
Thailand,Gulf of Thailand – Koh Tao,Koh Tao,Operator (Scuba Charter),Sairee Cottage Tech (scuba/tec),Koh Tao,,https://www.saireecottagediving.com/tech/,,,https://www.tripadvisor.co.uk/Attraction_Review-g303910-d14984893-Reviews-Sairee_Cottage_Tech-Koh_Tao_Surat_Thani_Province.html,,,,,Technical + guided diving,Thailand Wave 4 Add (Final 4 applied),2025-08-14 04:10:28 UTC,,No first-party numeric evidence found on site (not published or not located),Complete (Address + Phone + Email),2025-08-14 06:20:04 UTC
Thailand,Andaman – Koh Lanta,Koh Lanta,Operator (Scuba Charter),Scandinavian Scuba Doo / Lanta Scuba,Koh Lanta,,https://lanta-scuba.com/,,,https://www.tripadvisor.co.uk/Attraction_Review-g303905-d2617803-Reviews-Scandinavian_Scuba_Do_Ko_Lanta-Ko_Lanta_Krabi_Province.html,,,,,,Thailand Wave 4 Add (Final 4 applied),2025-08-14 04:10:28 UTC,,No first-party numeric evidence found on site (not published or not located),Complete (Address + Phone + Email),2025-08-14 06:20:04 UTC
Thailand,Andaman – Koh Lanta,Koh Lanta,Operator (Scuba Charter),Dive Center Lanta,Koh Lanta,,https://www.divecenterlanta.com/,,,https://www.tripadvisor.co.uk/Attraction_Review-g303905-d5886668-Reviews-Dive_Center_Lanta-Ko_Lanta_Krabi_Province.html,,,,,,Thailand Wave 4 Add (Final 4 applied),2025-08-14 04:10:28 UTC,,No first-party numeric evidence found on site (not published or not located),Complete (Address + Phone + Email),2025-08-14 06:20:04 UTC
Thailand,Andaman – Phi Phi,Koh Phi Phi,Operator (Scuba Charter),Phi Phi Barakuda (second brand page),Koh Phi Phi,,https://barakuda-diving.com/en/phi-phi/,,,,,,,,,Thailand Wave 4 Add (Final 4 applied),2025-08-14 04:10:28 UTC,,No first-party numeric evidence found on site (not published or not located),Complete (Address + Phone + Email),2025-08-14 06:20:04 UTC
Thailand,Andaman – Phi Phi,Koh Phi Phi,Operator (Scuba Charter),Phi Phi Sea Frog Divers,Koh Phi Phi,,https://seafrogdivers.com/,,,https://www.tripadvisor.co.uk/Attraction_Review-g303908-d4220002-Reviews-Phi_Phi_Sea_Frog-Diving_Ko_Phi_Phi_Don_Ao_Nang_Krabi_Province.html,,,,,,Thailand Wave 4 Add (Final 4 applied),2025-08-14 04:10:28 UTC,,No first-party numeric evidence found on site (not published or not located),Complete (Address + Phone + Email),2025-08-14 06:20:04 UTC
Thailand,Andaman – Koh Lipe/Tarutao,Koh Lipe,Operator (Scuba Charter),Ocean Pro Lipe,Koh Lipe,,https://oceanprolipe.com/,,,,,,,,,Thailand Wave 4 Add (Final 4 applied),2025-08-14 04:10:28 UTC,,No first-party numeric evidence found on site (not published or not located),Complete (Address + Phone + Email),2025-08-14 06:20:04 UTC
Thailand,Andaman – Koh Lipe/Tarutao,Koh Lipe,Operator (Scuba Charter),Koh Lipe Diving School,Koh Lipe,,https://kohlipedivingschool.com/,,,,,,,,,Thailand Wave 4 Add (Final 4 applied),2025-08-14 04:10:28 UTC,,No first-party numeric evidence found on site (not published or not located),Complete (Address + Phone + Email),2025-08-14 06:20:04 UTC
Thailand,Eastern Gulf – Koh Chang/Trat,Koh Chang,Operator (Scuba Charter),Scandinavian Chang Diving Center (SCDC),Koh Chang,,https://scubadivingkohchang.com/,,,https://www.tripadvisor.co.uk/Attraction_Review-g580110-d17526291-Reviews-Scandinavian_Chang_Diving_Center-Ko_Chang_Trat_Province.html,,,,,,Thailand Wave 4 Add (Final 4 applied),2025-08-14 04:10:28 UTC,,No first-party numeric evidence found on site (not published or not located),Complete (Address + Phone + Email),2025-08-14 06:20:04 UTC
Thailand,Eastern Gulf – Koh Chang/Trat,Koh Mak,Operator (Scuba Charter),BB Divers Koh Mak,Koh Mak,,https://www.bbdivers.com/koh-mak/,,,https://www.tripadvisor.co.uk/Attraction_Review-g2365926-d7068795-Reviews-BB_Divers_Koh_Mak-Ko_Mak_Trat_Province.html,,,,,,Thailand Wave 4 Add (Final 4 applied),2025-08-14 04:10:28 UTC,,No first-party numeric evidence found on site (not published or not located),Complete (Address + Phone + Email),2025-08-14 06:20:04 UTC
Thailand,Eastern Gulf – Koh Chang/Trat,Koh Kood,Operator (Scuba Charter),BB Divers Koh Kood,Koh Kood,,https://www.bbdivers.com/koh-kood/,,,https://www.tripadvisor.co.uk/Attraction_Review-g1152744-d11982638-Reviews-BB_Divers_Koh_Kood-Ko_Kut_Trat_Province.html,,,,,,Thailand Wave 4 Add (Final 4 applied),2025-08-14 04:10:28 UTC,,No first-party numeric evidence found on site (not published or not located),Complete (Address + Phone + Email),2025-08-14 06:20:04 UTC
Thailand,Gulf of Thailand – Samui/Phangan,Koh Samui,Operator (Scuba Charter),Sea Breeze Divers Samui,Koh Samui,,https://www.seabreezesamui.com/,,,,,,,,,Thailand Wave 4 Add (Final 4 applied),2025-08-14 04:10:28 UTC,,No first-party numeric evidence found on site (not published or not located),Complete (Address + Phone + Email),2025-08-14 06:20:04 UTC
Thailand,Gulf of Thailand – Samui/Phangan,Koh Phangan,Operator (Scuba Charter),Dream Team Divers (Phangan),Koh Phangan,,https://www.dreamteamdivers.com/,,,,,,,,,Thailand Wave 4 Add (Final 4 applied),2025-08-14 04:10:28 UTC,,No first-party numeric evidence found on site (not published or not located),Complete (Address + Phone + Email),2025-08-14 06:20:04 UTC
Thailand,Liveaboards – Thailand (Similan/Andaman),Khao Lak/Phuket,Liveaboard,MV Bavaria (Liveaboard),Khao Lak/Phuket,,https://www.mvbavaria.de/,,,https://www.tripadvisor.co.uk/Attraction_Review-g297914-d11902120-Reviews-MV_Bavaria-Khao_Lak_Takua_Pa_Phang_Nga_Province.html,,,,,,Thailand Wave 4 Add (Final 4 applied),2025-08-14 04:10:28 UTC,,No first-party numeric evidence found on site (not published or not located),Complete (Address + Phone + Email),2025-08-14 06:20:04 UTC
Thailand,Liveaboards – Thailand (Similan/Andaman),Khao Lak/Phuket,Liveaboard,Giamani Liveaboard (alt site),Khao Lak/Phuket,,https://www.thailand-liveaboards.com/mv-giamani/,,,https://www.tripadvisor.co.uk/Attraction_Review-g293920-d6762479-Reviews-Giamani_Liveaboard-Phuket.html,,,,,,Thailand Wave 4 Add (Final 4 applied),2025-08-14 04:10:28 UTC,,No first-party numeric evidence found on site (not published or not located),Complete (Address + Phone + Email),2025-08-14 06:20:04 UTC
