Country,Region/Island,Area,Type,Business Name,City/Island,Address,Website,Phone,Email,TripAdvisor URL,TA_Bubbles(5=Excellent),TA_Review_Count,Google_Stars_FirstParty,Google_Stars_Source_URL,Notes/Tags,Status,Last Checked (UTC),__name__,__city__,__host__
United States,Alabama – Gulf Shores,Gulf Shores,Dive Shop,Down Under Dive Shop,Gulf Shores,,https://www.downunderdiveshop.com/,,,,,,,,,US Wave 1 Seed,2025-08-14 00:09:24 UTC,down under dive shop,gulf shores,downunderdiveshop.com
United States,Alaska – Inside Passage,Ketchikan,Operator,Snorkel Alaska (seasonal),Ketchikan,,https://snorkelalaska.com/,,,,,,,,Snorkel-focused; local dive ops seasonal,US Wave 1 Seed,2025-08-14 00:09:24 UTC,snorkel alaska (seasonal),ketchikan,snorkelalaska.com
United States,Alaska – Southcentral,Anchorage,Dive Shop,Dive Alaska,Anchorage,,https://divealaska.net/,,,,,,,,,US Wave 1 Seed,2025-08-14 00:09:24 UTC,dive alaska,anchorage,divealaska.net
United States,California – Bay Area,San Francisco,Dive Shop,Bamboo Reef (San Francisco),San Francisco,,https://www.bambooreef.com/,,,,,,,,,US Wave 1 Seed,2025-08-14 00:09:24 UTC,bamboo reef (san francisco),san francisco,bambooreef.com
United States,California – Bay Area,San Jose,Dive Shop,Any Water Sports,San Jose,,https://www.anywater.com/,,,,,,,,,US Wave 1 Seed,2025-08-14 00:09:24 UTC,any water sports,san jose,anywater.com
United States,California – Bay Area,Santa Clara,Dive Shop,Diver Dan’s (Santa Clara),Santa Clara,,https://www.diverdans.com/,,,,,,,,,US Wave 4 Add,2025-08-14 00:09:24 UTC,diver dan's (santa clara),santa clara,diverdans.com
United States,California – Catalina Island,Avalon (Catalina),Operator (Scuba Charter),Catalina Divers Supply,Avalon (Catalina),,https://catalinadiveshop.com/,,,,,,,,Casino Point + boats,US Wave 4 Add,2025-08-14 00:09:24 UTC,catalina divers supply,avalon (catalina),catalinadiveshop.com
United States,California – Catalina Island,Avalon (Catalina),Operator (Scuba Charter),Dive Catalina,Avalon (Catalina),,https://divecatalina.net/,,,,,,,,,US Wave 4 Add,2025-08-14 00:09:24 UTC,dive catalina,avalon (catalina),divecatalina.net
United States,California – Channel Islands,Channel Islands Harbor,Operator (Scuba Charter),Raptor Dive Boat,Channel Islands Harbor,,https://www.raptordive.com/,,,,,,,,,US Wave 3 Add,2025-08-14 00:09:24 UTC,raptor dive boat,channel islands harbor,raptordive.com
United States,California – Channel Islands,Ventura,Operator,Peace Dive Boat,Ventura,,https://divethepeace.com/,,,,,,,,,US Wave 1 Seed,2025-08-14 00:09:24 UTC,peace dive boat,ventura,divethepeace.com
United States,California – Channel Islands,Ventura,Operator,Spectre Dive Boat,Ventura,,https://divespectre.com/,,,,,,,,,US Wave 1 Seed,2025-08-14 00:09:24 UTC,spectre dive boat,ventura,divespectre.com
United States,California – Inland Empire,Upland,Dive Shop,Scuba Schools of America & Swim,Upland,,https://www.scubaschoolsofamerica.com/,,,,,,,,,US Wave 5 Add,2025-08-14 00:09:24 UTC,scuba schools of america & swim,upland,scubaschoolsofamerica.com
United States,California – Los Angeles,Culver City,Dive Shop,Eco Dive Center,Culver City,,https://www.ecodivecenter.com/,,,,,,,,,US Wave 1 Seed,2025-08-14 00:09:24 UTC,eco dive center,culver city,ecodivecenter.com
United States,California – Los Angeles,Hollywood,Dive Shop,Hollywood Divers,Hollywood,,https://www.hollywooddivers.com/,,,,,,,,,US Wave 2 Add,2025-08-14 00:09:24 UTC,hollywood divers,hollywood,hollywooddivers.com
United States,California – Los Angeles,Long Beach / San Pedro,Operator (Scuba Charter),Sundiver (Express / Charter),Long Beach / San Pedro,,https://sundiverinternational.com/,,,,,,,,,US Wave 2 Add,2025-08-14 00:09:24 UTC,sundiver (express / charter),long beach / san pedro,sundiverinternational.com
United States,California – Los Angeles,Monterey Park,Dive Shop,Ocean Safari Scuba,Monterey Park,,https://www.oceansafariscuba.com/,,,,,,,,,US Wave 3 Add,2025-08-14 00:09:24 UTC,ocean safari scuba,monterey park,oceansafariscuba.com
United States,California – Los Angeles,Redondo Beach,Dive Shop,Dive N’ Surf,Redondo Beach,,https://www.divensurf.com/,,,,,,,,,US Wave 3 Add,2025-08-14 00:09:24 UTC,dive n' surf,redondo beach,divensurf.com
United States,California – Los Angeles,San Pedro,Dive Shop,Pacific Wilderness,San Pedro,,https://www.pacificwilderness.com/,,,,,,,,,US Wave 1 Seed,2025-08-14 00:09:24 UTC,pacific wilderness,san pedro,pacificwilderness.com
United States,California – Los Angeles,San Pedro,Operator (Scuba Charter),Magician Dive Boat,San Pedro,,https://magiciansportfishing.com/diving/,,,,,,,,,US Wave 2 Add,2025-08-14 00:09:24 UTC,magician dive boat,san pedro,magiciansportfishing.com
United States,California – Los Angeles,Venice,Dive Shop,Ocean Adventures Dive Co.,Venice,,https://www.scubadiverla.com/,,,,,,,,,US Wave 1 Seed,2025-08-14 00:09:24 UTC,ocean adventures dive co.,venice,scubadiverla.com
United States,California – Monterey,Monterey,Dive Shop,Aquarius Dive Shop,Monterey,,https://aquariusdivers.com/,,,,,,,,,US Wave 1 Seed,2025-08-14 00:09:24 UTC,aquarius dive shop,monterey,aquariusdivers.com
United States,California – Monterey,Monterey,Dive Shop,Bamboo Reef (Monterey),Monterey,,https://www.bambooreef.com/,,,,,,,,,US Wave 1 Seed,2025-08-14 00:09:24 UTC,bamboo reef (monterey),monterey,bambooreef.com
United States,California – Monterey,Monterey,Dive Shop,Breakwater Scuba,Monterey,,https://breakwaterscuba.com/,,,,,,,,,US Wave 2 Add,2025-08-14 00:09:24 UTC,breakwater scuba,monterey,breakwaterscuba.com
United States,California – Monterey,Monterey,Dive Shop,Monterey Bay Dive Company,Monterey,,https://www.montereyscubadiving.com/,,,,,,,,,US Wave 1 Seed,2025-08-14 00:09:24 UTC,monterey bay dive company,monterey,montereyscubadiving.com
United States,California – Monterey,Monterey,Operator (Scuba Charter),Beach Hopper II Charters,Monterey,,https://www.beachhopper2.com/,,,,,,,,,US Wave 2 Add,2025-08-14 00:09:24 UTC,beach hopper ii charters,monterey,beachhopper2.com
United States,California – Orange County,Huntington Beach,Dive Shop,Beach Cities Scuba,Huntington Beach,,https://beachcitiescuba.com/,,,,,,,,,US Wave 2 Add,2025-08-14 00:09:24 UTC,beach cities scuba,huntington beach,beachcitiescuba.com
United States,California – Orange County,Irvine,Dive Shop,SCUBA.com Dive Center,Irvine,,https://www.scuba.com/,,,,,,,,,US Wave 2 Add,2025-08-14 00:09:24 UTC,scuba.com dive center,irvine,scuba.com
United States,California – Sacramento,Sacramento,Dive Shop,Dolphin Scuba Center,Sacramento,,https://www.dolphinscuba.com/,,,,,,,,,US Wave 1 Seed,2025-08-14 00:09:24 UTC,dolphin scuba center,sacramento,dolphinscuba.com
United States,California – San Diego,San Diego,Dive Shop,House of Scuba,San Diego,,https://www.houseofscuba.com/,,,,,,,,,US Wave 1 Seed,2025-08-14 00:09:24 UTC,house of scuba,san diego,houseofscuba.com
United States,California – San Diego,San Diego,Dive Shop,Ocean Enterprises,San Diego,,https://www.oceanenterprises.com/,,,,,,,,,US Wave 1 Seed,2025-08-14 00:09:24 UTC,ocean enterprises,san diego,oceanenterprises.com
United States,California – San Diego,San Diego,Operator,Lois Ann Dive Charters,San Diego,,https://www.loisann.com/,,,,,,,,,US Wave 1 Seed,2025-08-14 00:09:24 UTC,lois ann dive charters,san diego,loisann.com
United States,California – San Diego,San Diego,Operator,Marissa Dive Charters,San Diego,,https://www.marissacharters.com/,,,https://www.tripadvisor.com/Attraction_Review-g60750-d1134088-Reviews-Marissa_Dive_Charters-San_Diego_California.html,,,,,,US Wave 1 Seed,2025-08-14 00:09:24 UTC,marissa dive charters,san diego,marissacharters.com
United States,California – San Diego,San Diego,Operator,Waterhorse Charters,San Diego,,https://www.waterhorsecharters.com/,,,https://www.tripadvisor.com/Attraction_Review-g60750-d1997035-Reviews-Waterhorse_Charters-San_Diego_California.html,,,,,,US Wave 1 Seed,2025-08-14 00:09:24 UTC,waterhorse charters,san diego,waterhorsecharters.com
United States,California – San Diego,San Diego,Operator (Scuba Charter),San Diego Scuba Guide,San Diego,,https://www.sandiegoscubaguide.com/,,,,,,,,,US Wave 5 Add,2025-08-14 00:09:24 UTC,san diego scuba guide,san diego,sandiegoscubaguide.com
United States,Connecticut – Fairfield County,Fairfield,Dive Shop,The Dive Shop,Fairfield,,https://thediveshop-club.com/,,,,,,,,,US Wave 1 Seed,2025-08-14 00:09:24 UTC,the dive shop,fairfield,thediveshop-club.com
United States,Connecticut – Hartford Metro,Rocky Hill,Dive Shop,Scuba Shack (CT),Rocky Hill,,https://scubashackct.com/,,,,,,,,,US Wave 4 Add,2025-08-14 00:09:24 UTC,scuba shack (ct),rocky hill,scubashackct.com
United States,Connecticut – Shoreline,Old Saybrook,Operator (Scuba Charter),Captain Morgan’s Dive Charters,Old Saybrook,,https://www.captainmorgandivecharters.com/,,,,,,,,,US Wave 5 Add,2025-08-14 00:09:24 UTC,captain morgan's dive charters,old saybrook,captainmorgandivecharters.com
United States,Connecticut – Statewide,Wallingford,Dive Shop,New England Dive,Wallingford,,https://newenglanddive.com/,,,,,,,,,US Wave 2 Add,2025-08-14 00:09:24 UTC,new england dive,wallingford,newenglanddive.com
United States,Florida – Broward,Boca Raton,Dive Shop,Force-E Scuba Centers (Boca),Boca Raton,,https://www.force-e.com/,,,,,,,,,US Wave 3 Add,2025-08-14 00:09:24 UTC,force-e scuba centers (boca),boca raton,force-e.com
United States,Florida – Broward,Deerfield Beach,Dive Shop,Dixie Divers (Lady Go Diver),Deerfield Beach,,https://www.dixiediver.com/,,,,,,,,Shop + scuba charter boat,US Wave 2 Add,2025-08-14 00:09:24 UTC,dixie divers (lady go diver),deerfield beach,dixiediver.com
United States,Florida – Broward,Fort Lauderdale,Dive Shop,Sea Experience,Fort Lauderdale,,https://seaexperience.com/,,,,,,,,,US Wave 1 Seed,2025-08-14 00:09:24 UTC,sea experience,fort lauderdale,seaexperience.com
United States,Florida – Broward,Pompano Beach,Dive Shop,Force-E Scuba Centers (Pompano),Pompano Beach,,https://www.force-e.com/,,,,,,,,,US Wave 3 Add,2025-08-14 00:09:24 UTC,force-e scuba centers (pompano),pompano beach,force-e.com
United States,Florida – Broward,Pompano Beach,Dive Shop,Pompano Dive Center,Pompano Beach,,https://pompanodivecenter.com/,,,,,,,,,US Wave 1 Seed,2025-08-14 00:09:24 UTC,pompano dive center,pompano beach,pompanodivecenter.com
United States,Florida – Broward,Pompano Beach,Dive Shop,South Florida Diving Headquarters,Pompano Beach,,https://www.sfdh.com/,,,,,,,,,US Wave 1 Seed,2025-08-14 00:09:24 UTC,south florida diving headquarters,pompano beach,sfdh.com
United States,Florida – Broward,Pompano Beach,Operator,American Dream Dive Charters,Pompano Beach,,https://www.americandreamuw.com/,,,,,,,,,US Wave 1 Seed,2025-08-14 00:09:24 UTC,american dream dive charters,pompano beach,americandreamuw.com
United States,Florida – Broward,Pompano Beach,Operator (Scuba Charter),Scubatyme Charters,Pompano Beach,,https://www.scubatyme.com/,,,,,,,,,US Wave 2 Add,2025-08-14 00:09:24 UTC,scubatyme charters,pompano beach,scubatyme.com
United States,Florida – First Coast,Jacksonville Beach,Dive Shop,Atlantic Pro Divers,Jacksonville Beach,,https://www.atlanticprodivers.com/,,,,,,,,,US Wave 3 Add,2025-08-14 00:09:24 UTC,atlantic pro divers,jacksonville beach,atlanticprodivers.com
United States,Florida – Gulf Coast,Sarasota / Venice,Dive Shop,Florida Underwater Sports,Sarasota / Venice,,https://floridaunderwatersports.com/,,,,,,,,,US Wave 5 Add,2025-08-14 00:09:24 UTC,florida underwater sports,sarasota / venice,floridaunderwatersports.com
United States,Florida – Gulf Coast,Venice,Operator,Florida West Scuba & Charters,Venice,,https://divevenice.com/,,,,,,,,Megalodon teeth hunting,US Wave 1 Seed,2025-08-14 00:09:24 UTC,florida west scuba & charters,venice,divevenice.com
United States,Florida – Islamorada/Tavernier,Islamorada,Dive Shop,Islamorada Dive Center,Islamorada,,https://www.islamoradadivecenter.com/,,,,,,,,,US Wave 2 Add,2025-08-14 00:09:24 UTC,islamorada dive center,islamorada,islamoradadivecenter.com
United States,Florida – Islamorada/Tavernier,Islamorada,Dive Shop,Key Dives,Islamorada,,https://www.keydives.com/,,,https://www.tripadvisor.com/Attraction_Review-g34346-d1548191-Reviews-Key_Dives-Islamorada_Florida_Keys_Florida.html,,,,,,US Wave 1 Seed,2025-08-14 00:09:24 UTC,key dives,islamorada,keydives.com
United States,Florida – Islamorada/Tavernier,Key Largo,Operator (Scuba Charter),Island Ventures,Key Largo,,https://islandventure.com/,,,,,,,,,US Wave 2 Add,2025-08-14 00:09:24 UTC,island ventures,key largo,islandventure.com
United States,Florida – Islamorada/Tavernier,Tavernier,Dive Shop,Florida Keys Dive Center,Tavernier,,https://www.floridakeysdivectr.com/,,,,,,,,,US Wave 1 Seed,2025-08-14 00:09:24 UTC,florida keys dive center,tavernier,floridakeysdivectr.com
United States,Florida – Key Largo,Key Largo,Dive Shop,Captain Slate’s Scuba Adventures,Key Largo,,https://captainslate.com/,,,,,,,,,US Wave 2 Add,2025-08-14 00:09:24 UTC,captain slate's scuba adventures,key largo,captainslate.com
United States,Florida – Key Largo,Key Largo,Dive Shop,Conch Republic Divers (Tavernier),Key Largo,,https://conchrepublicdivers.com/,,,https://www.tripadvisor.com/Attraction_Review-g34677-d1745545-Reviews-Conch_Republic_Divers-Tavernier_Key_Largo_Florida_Keys_Florida.html,,,,,Based in Tavernier,US Wave 1 Seed,2025-08-14 00:09:24 UTC,conch republic divers (tavernier),key largo,conchrepublicdivers.com
United States,Florida – Key Largo,Key Largo,Dive Shop,Horizon Divers,Key Largo,,https://horizondivers.com/,,,https://www.tripadvisor.com/Attraction_Review-g34344-d2578375-Reviews-Horizon_Divers-Key_Largo_Florida_Keys_Florida.html,,,,,,US Wave 1 Seed,2025-08-14 00:09:24 UTC,horizon divers,key largo,horizondivers.com
United States,Florida – Key Largo,Key Largo,Dive Shop,Ocean Divers Key Largo,Key Largo,,https://www.oceandivers.com/,,,,,,,,,US Wave 5 Add,2025-08-14 00:09:24 UTC,ocean divers key largo,key largo,oceandivers.com
United States,Florida – Key Largo,Key Largo,Dive Shop,Quiescence Diving Services,Key Largo,,https://www.keylargodiving.com/,,,,,,,,,US Wave 2 Add,2025-08-14 00:09:24 UTC,quiescence diving services,key largo,keylargodiving.com
United States,Florida – Key Largo,Key Largo,Dive Shop,Rainbow Reef Dive Center,Key Largo,,https://www.rainbowreef.us/,,,,,,,,,US Wave 1 Seed,2025-08-14 00:09:24 UTC,rainbow reef dive center,key largo,rainbowreef.us
United States,Florida – Key Largo,Key Largo,Dive Shop,Sail Fish Scuba,Key Largo,,https://sailfishscuba.com/,,,,,,,,,US Wave 3 Add,2025-08-14 00:09:24 UTC,sail fish scuba,key largo,sailfishscuba.com
United States,Florida – Key Largo,Key Largo,Dive Shop,Sea Dwellers Dive Center,Key Largo,,https://www.seadwellers.com/,,,,,,,,,US Wave 1 Seed,2025-08-14 00:09:24 UTC,sea dwellers dive center,key largo,seadwellers.com
United States,Florida – Key Largo,Key Largo,Dive Shop,Silent World Dive Center,Key Largo,,https://www.silentworld.com/,,,https://www.tripadvisor.com/AttractionProductReview-g34344-d17578547-Key_Largo_Two_Reef_Snorkel_Tour-Silent_World_Key_Largo_Key_Largo_Florida_Keys_Florida.html,,,,,,US Wave 1 Seed,2025-08-14 00:09:24 UTC,silent world dive center,key largo,silentworld.com
United States,Florida – Key West,Key West,Dive Shop,Captain’s Corner Dive Center,Key West,,https://www.captainscorner.com/,,,https://www.tripadvisor.in/Attraction_Review-g34345-d736043-Reviews-Captain_s_Corner_Dive_Center-Key_West_Florida_Keys_Florida.html,,,,,,US Wave 1 Seed,2025-08-14 00:09:24 UTC,captain's corner dive center,key west,captainscorner.com
United States,Florida – Key West,Key West,Dive Shop,Dive Key West,Key West,,https://divekeywest.com/,,,https://www.tripadvisor.in/Attraction_Review-g34345-d142741-Reviews-Dive_Key_West-Key_West_Florida_Keys_Florida.html,,,,,,US Wave 1 Seed,2025-08-14 00:09:24 UTC,dive key west,key west,divekeywest.com
United States,Florida – Key West,Key West,Dive Shop,Lost Reef Adventures,Key West,,https://www.lostreefadventures.com/,,,,,,,,,US Wave 1 Seed,2025-08-14 00:09:24 UTC,lost reef adventures,key west,lostreefadventures.com
United States,Florida – Key West,Key West,Dive Shop,Southpoint Divers,Key West,,https://www.southpointdivers.com/,,,https://www.tripadvisor.com/Attraction_Review-g34345-d1138438-Reviews-Southpoint_Divers-Key_West_Florida_Keys_Florida.html,,,,,,US Wave 1 Seed,2025-08-14 00:09:24 UTC,southpoint divers,key west,southpointdivers.com
United States,Florida – Keys (multi-base),Keys (multi),Operator,Captain Hook’s (Key West),Keys (multi),,https://captainhooks.com/,,,https://www.tripadvisor.com/Attraction_Review-g34347-d1102394-Reviews-Captain_Hook_s_Marina_Dive_Center-Marathon_Florida_Keys_Florida.html,,,,,Also Marathon/Key Largo boats,US Wave 1 Seed,2025-08-14 00:09:24 UTC,captain hook's (key west),keys (multi),captainhooks.com
United States,Florida – Lower Keys,Big Pine Key,Operator,Strike Zone Charters,Big Pine Key,,https://www.strikezonecharters.com/,,,,,,,,,US Wave 1 Seed,2025-08-14 00:09:24 UTC,strike zone charters,big pine key,strikezonecharters.com
United States,Florida – Miami,Key Biscayne,Operator (Scuba Charter),Divers Paradise (Miami),Key Biscayne,,https://www.keydivers.com/,,,,,,,,,US Wave 4 Add,2025-08-14 00:09:24 UTC,divers paradise (miami),key biscayne,keydivers.com
United States,Florida – Miami,Miami,Liveaboard,Juliet Sailing & Diving (Liveaboard),Miami,,https://www.julietsailinganddiving.com/,,,,,,,,Seasonal Keys/Bahamas itineraries,US Wave 2 Add,2025-08-14 00:09:24 UTC,juliet sailing & diving (liveaboard),miami,julietsailinganddiving.com
United States,Florida – Miami,Miami / South Beach,Dive Shop,South Beach Divers,Miami / South Beach,,https://www.southbeachdivers.com/,,,,,,,,,US Wave 1 Seed,2025-08-14 00:09:24 UTC,south beach divers,miami / south beach,southbeachdivers.com
United States,Florida – Miami,Miami / South Beach,Dive Shop,Tarpoon Lagoon Diving Center,Miami / South Beach,,https://www.tarpoondivecenter.com/,,,,,,,,,US Wave 1 Seed,2025-08-14 00:09:24 UTC,tarpoon lagoon diving center,miami / south beach,tarpoondivecenter.com
United States,Florida – Middle Keys,Marathon,Dive Shop,Abyss Dive Center,Marathon,,https://www.abyssdivecenter.com/,,,,,,,,,US Wave 1 Seed,2025-08-14 00:09:24 UTC,abyss dive center,marathon,abyssdivecenter.com
United States,Florida – Middle Keys,Marathon,Dive Shop,Captain Hook’s (Marathon),Marathon,,https://captainhooks.com/,,,https://www.tripadvisor.com/Attraction_Review-g34347-d1102394-Reviews-Captain_Hook_s_Marina_Dive_Center-Marathon_Florida_Keys_Florida.html,,,,,,US Wave 1 Seed,2025-08-14 00:09:24 UTC,captain hook's (marathon),marathon,captainhooks.com
United States,Florida – Middle Keys,Marathon,Dive Shop,Hall’s Diving Center & Resort,Marathon,,https://www.hallsdiving.com/,,,,,,,,,US Wave 4 Add,2025-08-14 00:09:24 UTC,hall's diving center & resort,marathon,hallsdiving.com
United States,Florida – North Central Springs,Fort White,Dive Shop,Amigos Dive Center,Fort White,,https://www.amigosdivecenter.com/,,,,,,,,,US Wave 5 Add,2025-08-14 00:09:24 UTC,amigos dive center,fort white,amigosdivecenter.com
United States,Florida – North Central Springs,High Springs,Dive Shop,Cave Country Dive Shop,High Springs,,https://www.cavecountrydiving.com/,,,,,,,,Cave/tech focused; springs hub,US Wave 5 Add,2025-08-14 00:09:24 UTC,cave country dive shop,high springs,cavecountrydiving.com
United States,Florida – North Central Springs,High Springs,Operator / Dive Site,Ginnie Springs Outdoors (Diving),High Springs,,https://ginniespringsoutdoors.com/,,,,,,,,Open-water & cave; on-site facilities,US Wave 5 Add,2025-08-14 00:09:24 UTC,ginnie springs outdoors (diving),high springs,ginniespringsoutdoors.com
United States,Florida – North Central Springs,Williston,Operator / Dive Site,Blue Grotto Dive Resort,Williston,,https://www.bluegrotto.com/,,,,,,,,Spring cavern site with on-site dive ops,US Wave 5 Add,2025-08-14 00:09:24 UTC,blue grotto dive resort,williston,bluegrotto.com
United States,Florida – North Central Springs,Williston,Operator / Dive Site,Devil’s Den Spring (Dive Center),Williston,,https://www.devilsden.com/,,,,,,,,Spring dive site with rentals & training,US Wave 5 Add,2025-08-14 00:09:24 UTC,devil's den spring (dive center),williston,devilsden.com
United States,Florida – Orlando Metro,Lake Mary,Dive Shop,Seminole Scuba,Lake Mary,,https://www.seminolescuba.com/,,,,,,,,,US Wave 4 Add,2025-08-14 00:09:24 UTC,seminole scuba,lake mary,seminolescuba.com
United States,Florida – Palm Beach,Boynton Beach,Dive Shop,Boynton Beach Dive Center,Boynton Beach,,https://www.bbdc.com/,,,,,,,,,US Wave 1 Seed,2025-08-14 00:09:24 UTC,boynton beach dive center,boynton beach,bbdc.com
United States,Florida – Palm Beach,Boynton Beach,Operator,Loggerhead Dive Charters,Boynton Beach,,https://www.loggerheadcharters.com/,,,https://www.tripadvisor.com/Attraction_Review-g34093-d3646390-Reviews-Loggerhead_Dive_Charters-Boynton_Beach_Florida.html,,,,,,US Wave 1 Seed,2025-08-14 00:09:24 UTC,loggerhead dive charters,boynton beach,loggerheadcharters.com
United States,Florida – Palm Beach,Boynton Beach,Operator,Underwater Explorers (Kevin),Boynton Beach,,https://underwaterexplorers.com/,,,https://www.tripadvisor.com/Attraction_Review-g34094-d1763011-Reviews-Underwater_Explorers-Boynton_Beach_Florida.html,,,,,,US Wave 1 Seed,2025-08-14 00:09:24 UTC,underwater explorers (kevin),boynton beach,underwaterexplorers.com
United States,Florida – Palm Beach,Boynton Beach,Operator (Scuba Charter),Splashdown Divers,Boynton Beach,,https://www.splashdowndivers.com/,,,,,,,,,US Wave 2 Add,2025-08-14 00:09:24 UTC,splashdown divers,boynton beach,splashdowndivers.com
United States,Florida – Palm Beach,Jupiter,Dive Shop,Jupiter Dive Center,Jupiter,,https://jupiterdivecenter.com/,,,https://www.tripadvisor.com/Attraction_Review-g34335-d1547655-Reviews-Jupiter_Dive_Center-Jupiter_Florida.html,,,,,,US Wave 1 Seed,2025-08-14 00:09:24 UTC,jupiter dive center,jupiter,jupiterdivecenter.com
United States,Florida – Palm Beach,Jupiter,Operator (Scuba Charter),Emerald Charters,Jupiter,,https://www.emeraldcharters.com/,,,,,,,,Shark diving,US Wave 2 Add,2025-08-14 00:09:24 UTC,emerald charters,jupiter,emeraldcharters.com
United States,Florida – Palm Beach,Riviera Beach,Dive Shop,Force-E Scuba Centers (Riviera),Riviera Beach,,https://www.force-e.com/,,,,,,,,Retail + schedules local scuba charters,US Wave 3 Add,2025-08-14 00:09:24 UTC,force-e scuba centers (riviera),riviera beach,force-e.com
United States,Florida – Palm Beach,Riviera Beach,Dive Shop,Jim Abernethy’s Scuba Adventures,Riviera Beach,,https://scuba-adventures.com/,,,,,,,,,US Wave 1 Seed,2025-08-14 00:09:24 UTC,jim abernethy's scuba adventures,riviera beach,scuba-adventures.com
United States,Florida – Palm Beach,Riviera Beach,Dive Shop,Pura Vida Divers,Riviera Beach,,https://www.puravidadivers.com/,,,,,,,,,US Wave 1 Seed,2025-08-14 00:09:24 UTC,pura vida divers,riviera beach,puravidadivers.com
United States,Florida – Palm Beach,Riviera Beach,Operator,Narcosis Dive Company,Riviera Beach,,https://www.narcosisdivecharters.com/,,,,,,,,,US Wave 1 Seed,2025-08-14 00:09:24 UTC,narcosis dive company,riviera beach,narcosisdivecharters.com
United States,Florida – Palm Beach,Riviera Beach,Operator (Scuba Charter),South Florida Dive Charters,Riviera Beach,,https://www.southfloridadivecharters.com/,,,,,,,,,US Wave 2 Add,2025-08-14 00:09:24 UTC,south florida dive charters,riviera beach,southfloridadivecharters.com
United States,Florida – Palm Beach,Riviera Beach,Operator (Scuba Charter),Walker's Dive Charters,Riviera Beach,,https://walkersdivecharters.com/,,,https://www.tripadvisor.com/Attraction_Review-g34531-d3907128-Reviews-Walker_s_Dive_Charters-Palm_Beach_Gardens_Florida.html,,,,,,US Wave 2 Add,2025-08-14 00:09:24 UTC,walker's dive charters,riviera beach,walkersdivecharters.com
United States,Florida – Panhandle,Destin,Dive Shop,Emerald Coast Scuba,Destin,,https://www.ecscuba.com/,,,,,,,,,US Wave 1 Seed,2025-08-14 00:09:24 UTC,emerald coast scuba,destin,ecscuba.com
United States,Florida – Panhandle,Destin,Dive Shop,Scubatech of Northwest Florida,Destin,,https://scubatechnwfl.com/,,,,,,,,,US Wave 4 Add,2025-08-14 00:09:24 UTC,scubatech of northwest florida,destin,scubatechnwfl.com
United States,Florida – Panhandle,Panama City Beach,Dive Shop,Dive Locker,Panama City Beach,,https://www.divelocker.net/,,,,,,,,,US Wave 1 Seed,2025-08-14 00:09:24 UTC,dive locker,panama city beach,divelocker.net
United States,Florida – Panhandle,Panama City Beach,Dive Shop,Panama City Diving,Panama City Beach,,https://www.pcdive.com/,,,,,,,,,US Wave 1 Seed,2025-08-14 00:09:24 UTC,panama city diving,panama city beach,pcdive.com
United States,Florida – Panhandle,Panama City Beach,Operator (Scuba Charter),Niuhi Dive Charters,Panama City Beach,,https://niuhi.com/,,,,,,,,,US Wave 2 Add,2025-08-14 00:09:24 UTC,niuhi dive charters,panama city beach,niuhi.com
United States,Florida – Panhandle,Pensacola,Dive Shop,MBT Divers,Pensacola,,https://www.mbtdivers.com/,,,,,,,,,US Wave 1 Seed,2025-08-14 00:09:24 UTC,mbt divers,pensacola,mbtdivers.com
United States,Florida – Panhandle,Pensacola,Operator (Scuba Charter),H2O Below (Dive Charter),Pensacola,,https://www.h2obelow.com/,,,,,,,,,US Wave 2 Add,2025-08-14 00:09:24 UTC,h2o below (dive charter),pensacola,h2obelow.com
United States,Florida – Southwest,Fort Myers,Dive Shop,Scubavice Diving Center,Fort Myers,,https://www.scubavicedivers.com/,,,,,,,,,US Wave 3 Add,2025-08-14 00:09:24 UTC,scubavice diving center,fort myers,scubavicedivers.com
United States,Florida – Southwest,Naples,Dive Shop,Scuba Quest – Naples,Naples,,https://www.scubaquestusa.com/,,,,,,,,,US Wave 3 Add,2025-08-14 00:09:24 UTC,scuba quest – naples,naples,scubaquestusa.com
United States,Florida – Southwest,Sarasota,Dive Shop,Scuba Quest – Sarasota,Sarasota,,https://www.scubaquestusa.com/,,,,,,,,,US Wave 3 Add,2025-08-14 00:09:24 UTC,scuba quest – sarasota,sarasota,scubaquestusa.com
United States,Florida – Space Coast,Melbourne,Dive Shop,Hatts’ Diving Headquarters,Melbourne,,https://www.hattsdiving.com/,,,,,,,,,US Wave 3 Add,2025-08-14 00:09:24 UTC,hatts' diving headquarters,melbourne,hattsdiving.com
United States,Florida – Tampa Bay,Clearwater,Dive Shop,Mac’s Sports Inc. (Dive),Clearwater,,https://macssports.com/,,,,,,,,Dive retail & training,US Wave 3 Add,2025-08-14 00:09:24 UTC,mac's sports inc. (dive),clearwater,macssports.com
United States,Florida – Tampa Bay,Clearwater,Operator (Scuba Charter),Tanks-A-Lot Dive Charters,Clearwater,,https://www.tanksalotdiving.com/,,,,,,,,,US Wave 3 Add,2025-08-14 00:09:24 UTC,tanks-a-lot dive charters,clearwater,tanksalotdiving.com
United States,Florida – Tampa Bay,St. Petersburg,Dive Shop,Aquatic Obsessions Scuba,St. Petersburg,,https://diveao.com/,,,,,,,,,US Wave 4 Add,2025-08-14 00:09:24 UTC,aquatic obsessions scuba,st. petersburg,diveao.com
United States,Florida – Tampa Bay,Tarpon Springs,Dive Shop,Narcosis Scuba Center,Tarpon Springs,,https://www.diventarpon.com/,,,,,,,,,US Wave 3 Add,2025-08-14 00:09:24 UTC,narcosis scuba center,tarpon springs,diventarpon.com
United States,Georgia – Atlanta Metro,Alpharetta,Dive Shop,SeaVentures,Alpharetta,,https://seaventures.com/,,,,,,,,,US Wave 1 Seed,2025-08-14 00:09:24 UTC,seaventures,alpharetta,seaventures.com
United States,Hawaii – Big Island,Kailua-Kona,Dive Shop,Big Island Divers,Kailua-Kona,,https://bigislanddivers.com/,,,,,,,,,US Wave 1 Seed,2025-08-14 00:09:24 UTC,big island divers,kailua-kona,bigislanddivers.com
United States,Hawaii – Big Island,Kailua-Kona,Dive Shop,Jack’s Diving Locker,Kailua-Kona,,https://www.jacksdivinglocker.com/,,,,,,,,,US Wave 1 Seed,2025-08-14 00:09:24 UTC,jack's diving locker,kailua-kona,jacksdivinglocker.com
United States,Hawaii – Big Island,Kailua-Kona,Dive Shop,Kona Diving Company,Kailua-Kona,,https://www.konadivingcompany.com/,,,https://www.tripadvisor.com/Attraction_Review-g60872-d1228498-Reviews-Kona_Diving_Company-Kailua_Kona_Island_of_Hawaii_Hawaii.html,,,,,,US Wave 2 Add,2025-08-14 00:09:24 UTC,kona diving company,kailua-kona,konadivingcompany.com
United States,Hawaii – Big Island,Kailua-Kona,Dive Shop,Kona Honu Divers,Kailua-Kona,,https://konahonudivers.com/,,,,,,,,,US Wave 1 Seed,2025-08-14 00:09:24 UTC,kona honu divers,kailua-kona,konahonudivers.com
United States,Hawaii – Big Island,Kailua-Kona,Operator (Scuba Charter),Pacific Rim Divers,Kailua-Kona,,https://pacificrimdivers.com/,,,,,,,,,US Wave 4 Add,2025-08-14 00:09:24 UTC,pacific rim divers,kailua-kona,pacificrimdivers.com
United States,Hawaii – Big Island,Kawaihae / Kohala,Dive Shop,Kohala Divers,Kawaihae / Kohala,,https://www.kohaladivers.com/,,,https://www.tripadvisor.com/Attraction_Review-g60942-d2087044-Reviews-Kohala_Divers-Kawaihae_Island_of_Hawaii_Hawaii.html,,,,,,US Wave 2 Add,2025-08-14 00:09:24 UTC,kohala divers,kawaihae / kohala,kohaladivers.com
United States,Hawaii – Kauai,Eleele / Port Allen,Operator (Scuba Charter),Bubbles Below Scuba Charters,Eleele / Port Allen,,https://bubblesbelowkauai.com/,,,,,,,,,US Wave 2 Add,2025-08-14 00:09:24 UTC,bubbles below scuba charters,eleele / port allen,bubblesbelowkauai.com
United States,Hawaii – Kauai,Koloa,Dive Shop,Fathom Five Divers,Koloa,,https://www.fathom-five.com/,,,,,,,,,US Wave 1 Seed,2025-08-14 00:09:24 UTC,fathom five divers,koloa,fathom-five.com
United States,Hawaii – Kauai,Poipu / Koloa,Dive Shop,Seasport Divers,Poipu / Koloa,,https://seasportdivers.com/,,,https://www.tripadvisor.com/Attraction_Review-g60621-d678597-Reviews-Seasport_Divers-Koloa_Kauai_Hawaii.html,,,,,,US Wave 1 Seed,2025-08-14 00:09:24 UTC,seasport divers,poipu / koloa,seasportdivers.com
United States,Hawaii – Maui,Kihei,Dive Shop,Ed Robinson’s Diving Adventures,Kihei,,https://www.mauiscubadiving.com/,,,,,,,,,US Wave 1 Seed,2025-08-14 00:09:24 UTC,ed robinson's diving adventures,kihei,mauiscubadiving.com
United States,Hawaii – Maui,Kihei,Dive Shop,Maui Dive Shop,Kihei,,https://www.mauidiveshop.com/,,,,,,,,,US Wave 3 Add,2025-08-14 00:09:24 UTC,maui dive shop,kihei,mauidiveshop.com
United States,Hawaii – Maui,Kihei,Dive Shop,Maui Dreams Dive Co.,Kihei,,https://mauidreamsdiveco.com/,,,,,,,,,US Wave 1 Seed,2025-08-14 00:09:24 UTC,maui dreams dive co.,kihei,mauidreamsdiveco.com
United States,Hawaii – Maui,Kihei,Operator (Scuba Charter),Mike Severns Diving,Kihei,,https://www.mikesevernsdiving.com/,,,https://www.tripadvisor.com/Attraction_Review-g60632-d526779-Reviews-Mike_Severns_Diving-Kihei_Maui_Hawaii.html,,,,,,US Wave 2 Add,2025-08-14 00:09:24 UTC,mike severns diving,kihei,mikesevernsdiving.com
United States,Hawaii – Maui,Lahaina,Dive Shop,Lahaina Divers,Lahaina,,https://www.lahainadivers.com/,,,https://www.tripadvisor.com/Attraction_Review-g60634-d643988-Reviews-Lahaina_Divers-Lahaina_Maui_Hawaii.html,,,,,,US Wave 1 Seed,2025-08-14 00:09:24 UTC,lahaina divers,lahaina,lahainadivers.com
United States,Hawaii – Maui,Lahaina / Maʻalaea,Operator (Scuba Charter),Extended Horizons (status verify),Lahaina / Maʻalaea,,https://www.extendedhorizons.com/,,,,,,,,Operations/resumption subject to local conditions,US Wave 5 Add,2025-08-14 00:09:24 UTC,extended horizons (status verify),lahaina / maʻalaea,extendedhorizons.com
United States,Hawaii – Oahu,Hawaii Kai / Koko Marina,Dive Shop,Island Divers Hawaii,Hawaii Kai / Koko Marina,,https://www.islanddivershawaii.com/,,,https://www.tripadvisor.com/Attraction_Review-g60982-d1792081-Reviews-Island_Divers_Hawaii-Honolulu_Oahu_Hawaii.html,,,,,,US Wave 1 Seed,2025-08-14 00:09:24 UTC,island divers hawaii,hawaii kai / koko marina,islanddivershawaii.com
United States,Hawaii – Oahu,Honolulu,Dive Shop,Kaimana Divers (Oahu Scuba),Honolulu,,https://www.oahuscuba.com/,,,,,,,,,US Wave 2 Add,2025-08-14 00:09:24 UTC,kaimana divers (oahu scuba),honolulu,oahuscuba.com
United States,Hawaii – Oahu,Honolulu,Dive Shop,Living Ocean Scuba,Honolulu,,https://www.livingoceanscuba.com/,,,,,,,,,US Wave 5 Add,2025-08-14 00:09:24 UTC,living ocean scuba,honolulu,livingoceanscuba.com
United States,Hawaii – Oahu,Honolulu / Ko Olina,Operator (Scuba Charter),Hawaii Nautical (Scuba Charters),Honolulu / Ko Olina,,https://www.hawaiinautical.com/,,,,,,,,Offers certified scuba trips,US Wave 5 Add,2025-08-14 00:09:24 UTC,hawaii nautical (scuba charters),honolulu / ko olina,hawaiinautical.com
United States,Hawaii – Oahu,Honolulu / Waikiki,Dive Shop,Dive Oahu,Honolulu / Waikiki,,https://diveoahu.com/,,,https://www.tripadvisor.com/Attraction_Review-g60982-d1214152-Reviews-Dive_Oahu-Honolulu_Oahu_Hawaii.html,,,,,,US Wave 2 Add,2025-08-14 00:09:24 UTC,dive oahu,honolulu / waikiki,diveoahu.com
United States,Hawaii – Oahu,Honolulu / Waikiki,Dive Shop,Hawaiian Diving Adventures,Honolulu / Waikiki,,https://hawaiiandivingadventures.com/,,,https://www.tripadvisor.com/Attraction_Review-g60982-d2514267-Reviews-Hawaiian_Diving_Adventures-Honolulu_Oahu_Hawaii.html,,,,,,US Wave 1 Seed,2025-08-14 00:09:24 UTC,hawaiian diving adventures,honolulu / waikiki,hawaiiandivingadventures.com
United States,Hawaii – Oahu,Honolulu / Waikiki,Dive Shop,Honolulu Scuba Company,Honolulu / Waikiki,,https://honoluluscubacompany.com/,,,,,,,,,US Wave 1 Seed,2025-08-14 00:09:24 UTC,honolulu scuba company,honolulu / waikiki,honoluluscubacompany.com
United States,Hawaii – Oahu,Honolulu / Waikiki,Dive Shop,Waikiki Dive Center,Honolulu / Waikiki,,https://waikikidivecenter.com/,,,,,,,,,US Wave 3 Add,2025-08-14 00:09:24 UTC,waikiki dive center,honolulu / waikiki,waikikidivecenter.com
United States,Hawaii – Oahu,Kailua,Dive Shop,Aaron’s Dive Shop,Kailua,,https://aaronsdiveshop.com/,,,,,,,,,US Wave 1 Seed,2025-08-14 00:09:24 UTC,aaron's dive shop,kailua,aaronsdiveshop.com
United States,Illinois – Chicago,Burbank / Chicago,Dive Shop,DJ’s Scuba Locker,Burbank / Chicago,,https://djssscuba.com/,,,,,,,,,US Wave 3 Add,2025-08-14 00:09:24 UTC,dj's scuba locker,burbank / chicago,djssscuba.com
United States,Illinois – Chicago,Plainfield,Dive Shop,Dive Right In Scuba,Plainfield,,https://www.diverightinscuba.com/,,,,,,,,,US Wave 1 Seed,2025-08-14 00:09:24 UTC,dive right in scuba,plainfield,diverightinscuba.com
United States,Illinois – Chicago North,Deerfield,Dive Shop,Windy City Diving (Training/Trips),Deerfield,,https://www.windycitydiving.net/,,,,,,,,Training/travel; lake charters separate,US Wave 5 Add,2025-08-14 00:09:24 UTC,windy city diving (training/trips),deerfield,windycitydiving.net
United States,Illinois/Indiana – Lake Michigan,Hammond / Chicago,Operator (Scuba Charter),Double Action Dive Charters,Hammond / Chicago,,https://www.doubleactiondivecharters.com/,,,,,,,,,US Wave 2 Add,2025-08-14 00:09:24 UTC,double action dive charters,hammond / chicago,doubleactiondivecharters.com
United States,Indiana – Indianapolis,Indianapolis,Dive Shop,Sea The World Scuba Center,Indianapolis,,https://www.seatheworldscuba.com/,,,,,,,,,US Wave 3 Add,2025-08-14 00:09:24 UTC,sea the world scuba center,indianapolis,seatheworldscuba.com
United States,Maryland – DC Metro,Gaithersburg,Dive Shop,Atlantic Edge Scuba,Gaithersburg,,https://www.atlanticedge.com/,,,,,,,,,US Wave 3 Add,2025-08-14 00:09:24 UTC,atlantic edge scuba,gaithersburg,atlanticedge.com
United States,Massachusetts – Boston,Boston,Operator,Boston Scuba,Boston,,https://www.bostonscuba.com/,,,,,,,,,US Wave 1 Seed,2025-08-14 00:09:24 UTC,boston scuba,boston,bostonscuba.com
United States,Massachusetts – Boston,Brookline,Dive Shop,East Coast Divers,Brookline,,https://www.ecdivers.com/,,,,,,,,,US Wave 1 Seed,2025-08-14 00:09:24 UTC,east coast divers,brookline,ecdivers.com
United States,Massachusetts – Cape Ann,Gloucester,Operator,Cape Ann Diver II (Charter),Gloucester,,https://www.capeanndiver.com/,,,,,,,,,US Wave 1 Seed,2025-08-14 00:09:24 UTC,cape ann diver ii (charter),gloucester,capeanndiver.com
United States,Massachusetts – MetroWest,Natick,Dive Shop,Mass Diving,Natick,,https://www.massdiving.com/,,,,,,,,,US Wave 4 Add,2025-08-14 00:09:24 UTC,mass diving,natick,massdiving.com
United States,Michigan – Ann Arbor,Ann Arbor,Dive Shop,Divers Incorporated,Ann Arbor,,https://www.diversinc.com/,,,,,,,,,US Wave 4 Add,2025-08-14 00:09:24 UTC,divers incorporated,ann arbor,diversinc.com
United States,Michigan – Great Lakes,Battle Creek,Dive Shop,Sub-Aquatic Sports & Service,Battle Creek,,https://www.sassdive.com/,,,,,,,,,US Wave 1 Seed,2025-08-14 00:09:24 UTC,sub-aquatic sports & service,battle creek,sassdive.com
United States,Michigan – Great Lakes,Traverse City,Dive Shop,Great Lakes Dive Center,Traverse City,,https://greatlakesdivecenter.com/,,,,,,,,,US Wave 1 Seed,2025-08-14 00:09:24 UTC,great lakes dive center,traverse city,greatlakesdivecenter.com
United States,Minnesota – East Metro,St Paul,Dive Shop,Air Down There Scuba,St Paul,,https://www.airdownthere.com/,,,,,,,,,US Wave 4 Add,2025-08-14 00:09:24 UTC,air down there scuba,st paul,airdownthere.com
United States,Minnesota – Twin Cities,Bloomington,Dive Shop,Scuba Center (MN),Bloomington,,https://www.scubacenter.com/,,,,,,,,,US Wave 5 Add,2025-08-14 00:09:24 UTC,scuba center (mn),bloomington,scubacenter.com
United States,Minnesota – Twin Cities,St Louis Park,Dive Shop,Aquatic Center – Scuba & Swim (MN),St Louis Park,,https://www.familyaquaticcenter.com/,,,,,,,,Retail/training with scuba,US Wave 4 Add,2025-08-14 00:09:24 UTC,aquatic center – scuba & swim (mn),st louis park,familyaquaticcenter.com
United States,New Jersey – Shore,Avon-by-the-Sea,Dive Shop,Divers Two,Avon-by-the-Sea,,https://www.diverstwo.com/,,,,,,,,,US Wave 1 Seed,2025-08-14 00:09:24 UTC,divers two,avon-by-the-sea,diverstwo.com
United States,New Jersey – Shore,Northfield (Atlantic City),Dive Shop,Atlantic Divers (NJ),Northfield (Atlantic City),,https://www.njwreckdivers.com/,,,,,,,,,US Wave 3 Add,2025-08-14 00:09:24 UTC,atlantic divers (nj),northfield (atlantic city),njwreckdivers.com
United States,New Jersey – Shore,Rochelle Park,Dive Shop,Blue Water Divers (NJ),Rochelle Park,,https://www.bluewaterdivers.com/,,,,,,,,,US Wave 2 Add,2025-08-14 00:09:24 UTC,blue water divers (nj),rochelle park,bluewaterdivers.com
United States,New Jersey – Shore,Toms River,Operator (Scuba Charter),Independence II (Dive Charter),Toms River,,https://www.independencedive.com/,,,,,,,,,US Wave 4 Add,2025-08-14 00:09:24 UTC,independence ii (dive charter),toms river,independencedive.com
United States,New Jersey – Wreck Alley,Point Pleasant,Operator,Gypsy Blood Dive (Charter),Point Pleasant,,https://www.gypsyblooddive.com/,,,,,,,,,US Wave 1 Seed,2025-08-14 00:09:24 UTC,gypsy blood dive (charter),point pleasant,gypsyblooddive.com
United States,New York – Long Island,Riverhead,Dive Shop,Captain Mike’s Diving,Riverhead,,https://www.captainmikesdiving.com/,,,,,,,,,US Wave 3 Add,2025-08-14 00:09:24 UTC,captain mike's diving,riverhead,captainmikesdiving.com
United States,New York – Manhattan,New York City,Dive Shop,Village Divers NYC,New York City,,https://www.villagedivers.com/,,,,,,,,,US Wave 5 Add,2025-08-14 00:09:24 UTC,village divers nyc,new york city,villagedivers.com
United States,New York – NYC Metro,New York City,Dive Shop,Adventure Scuba & Travel Center,New York City,,https://adventurescubany.com/,,,,,,,,,US Wave 1 Seed,2025-08-14 00:09:24 UTC,adventure scuba & travel center,new york city,adventurescubany.com
United States,New York – NYC Metro,Yonkers,Dive Shop,Scuba New York,Yonkers,,https://www.scubany.com/,,,,,,,,,US Wave 1 Seed,2025-08-14 00:09:24 UTC,scuba new york,yonkers,scubany.com
United States,North Carolina – Crystal Coast,Atlantic Beach / Morehead,Operator (Scuba Charter),Diver Down Dive Charters,Atlantic Beach / Morehead,,https://www.diverdown-scuba.com/,,,,,,,,,US Wave 2 Add,2025-08-14 00:09:24 UTC,diver down dive charters,atlantic beach / morehead,diverdown-scuba.com
United States,North Carolina – Crystal Coast,Beaufort,Dive Shop,Discovery Diving,Beaufort,,https://www.discoverydiving.com/,,,https://www.tripadvisor.com/Attraction_Review-g48962-d2514853-Reviews-Discovery_Diving-Beaufort_North_Carolina.html,,,,,,US Wave 1 Seed,2025-08-14 00:09:24 UTC,discovery diving,beaufort,discoverydiving.com
United States,North Carolina – Crystal Coast,Morehead City,Dive Shop,Olympus Dive Center,Morehead City,,https://www.olympusdiving.com/,,,https://www.tripadvisor.com/Attraction_Review-g49367-d218538-Reviews-Olympus_Dive_Center-Morehead_City_North_Carolina.html,,,,,,US Wave 1 Seed,2025-08-14 00:09:24 UTC,olympus dive center,morehead city,olympusdiving.com
United States,North Carolina – Outer Banks,Hatteras / Cape Hatteras,Operator (Scuba Charter),Dive Hatteras (Charter),Hatteras / Cape Hatteras,,http://www.divehatteras.com/,,,,,,,,,US Wave 3 Add,2025-08-14 00:09:24 UTC,dive hatteras (charter),hatteras / cape hatteras,divehatteras.com
United States,North Carolina – Wilmington,Wilmington,Dive Shop,Aquatic Safaris,Wilmington,,https://www.aquaticsafaris.com/,,,https://www.tripadvisor.com/Attraction_Review-g49673-d2198474-Reviews-Aquatic_Safaris-Wilmington_North_Carolina.html,,,,,,US Wave 1 Seed,2025-08-14 00:09:24 UTC,aquatic safaris,wilmington,aquaticsafaris.com
United States,North Carolina – Wilmington,Wilmington,Dive Shop,Cape Fear Dive Center,Wilmington,,https://www.capefeardivecenter.com/,,,,,,,,,US Wave 1 Seed,2025-08-14 00:09:24 UTC,cape fear dive center,wilmington,capefeardivecenter.com
United States,North Carolina – Wilmington,Wilmington,Dive Shop,Wilmington Dive Center,Wilmington,,https://wilmingtondivecenter.com/,,,,,,,,,US Wave 4 Add,2025-08-14 00:09:24 UTC,wilmington dive center,wilmington,wilmingtondivecenter.com
United States,Ohio – Cincinnati,Cincinnati (Blue Ash),Dive Shop,Scuba Unlimited,Cincinnati (Blue Ash),,https://scubaunlimited.com/,,,,,,,,,US Wave 4 Add,2025-08-14 00:09:24 UTC,scuba unlimited,cincinnati (blue ash),scubaunlimited.com
United States,Ohio – Cleveland,Twinsburg,Dive Shop,Aquatic Adventures Ohio,Twinsburg,,https://www.aquaticadventuresohio.com/,,,,,,,,,US Wave 1 Seed,2025-08-14 00:09:24 UTC,aquatic adventures ohio,twinsburg,aquaticadventuresohio.com
United States,Ohio – Cleveland Metro,Mentor / Willoughby,Dive Shop,Just Add Water (Cleveland),Mentor / Willoughby,,https://justaddwater.com/,,,,,,,,,US Wave 3 Add,2025-08-14 00:09:24 UTC,just add water (cleveland),mentor / willoughby,justaddwater.com
United States,Ohio – Columbus,Columbus,Dive Shop,Columbus Scuba,Columbus,,https://columbusscuba.com/,,,,,,,,,US Wave 1 Seed,2025-08-14 00:09:24 UTC,columbus scuba,columbus,columbusscuba.com
United States,Ohio – Dayton/Cincy,Centerville,Dive Shop,Aquatic Realm Scuba Center,Centerville,,https://www.aquaticrealmscuba.com/,,,,,,,,,US Wave 5 Add,2025-08-14 00:09:24 UTC,aquatic realm scuba center,centerville,aquaticrealmscuba.com
United States,Oregon – Eugene,Eugene,Dive Shop,Eugene Skin Divers Supply,Eugene,,https://www.eugeneskindivers.com/,,,,,,,,,US Wave 2 Add,2025-08-14 00:09:24 UTC,eugene skin divers supply,eugene,eugeneskindivers.com
United States,Oregon – Portland Metro,Portland,Dive Shop,Aquatic Sports (Portland),Portland,,https://www.aquaticsports.com/,,,,,,,,,US Wave 4 Add,2025-08-14 00:09:24 UTC,aquatic sports (portland),portland,aquaticsports.com
United States,Oregon – Portland Metro,Tigard,Dive Shop,Seven Seas Scuba,Tigard,,https://sevenseasscuba.com/,,,,,,,,,US Wave 1 Seed,2025-08-14 00:09:24 UTC,seven seas scuba,tigard,sevenseasscuba.com
United States,Pennsylvania – Erie,Erie,Dive Shop,Diver’s World,Erie,,https://www.diversworld.com/,,,,,,,,,US Wave 1 Seed,2025-08-14 00:09:24 UTC,diver's world,erie,diversworld.com
United States,Pennsylvania – Harrisburg,Harrisburg,Dive Shop,West Shore Scuba,Harrisburg,,https://www.westshorescuba.com/,,,,,,,,,US Wave 4 Add,2025-08-14 00:09:24 UTC,west shore scuba,harrisburg,westshorescuba.com
United States,Pennsylvania – Lancaster,Lancaster,Dive Shop,Lancaster Scuba Center,Lancaster,,https://www.lancasterscuba.com/,,,,,,,,,US Wave 4 Add,2025-08-14 00:09:24 UTC,lancaster scuba center,lancaster,lancasterscuba.com
United States,Rhode Island – Narragansett Bay,Warwick,Dive Shop,Giant Stride Dive Shop,Warwick,,https://giantstrides.com/,,,,,,,,,US Wave 1 Seed,2025-08-14 00:09:24 UTC,giant stride dive shop,warwick,giantstrides.com
United States,Rhode Island – Newport,Newport,Dive Shop,Newport Diving Center,Newport,,https://newportdivingcenter.com/,,,,,,,,,US Wave 4 Add,2025-08-14 00:09:24 UTC,newport diving center,newport,newportdivingcenter.com
United States,South Carolina – Charleston,Charleston,Dive Shop,Charleston Scuba,Charleston,,https://charlestondiving.com/,,,,,,,,,US Wave 1 Seed,2025-08-14 00:09:24 UTC,charleston scuba,charleston,charlestondiving.com
United States,South Carolina – Grand Strand,Little River / Myrtle Beach,Operator (Scuba Charter),Coastal Scuba,Little River / Myrtle Beach,,https://coastalscuba.com/,,,,,,,,,US Wave 4 Add,2025-08-14 00:09:24 UTC,coastal scuba,little river / myrtle beach,coastalscuba.com
United States,South Carolina – Myrtle Beach,Murrells Inlet,Operator,Express Watersports,Murrells Inlet,,https://expresswatersports.com/,,,,,,,,,US Wave 1 Seed,2025-08-14 00:09:24 UTC,express watersports,murrells inlet,expresswatersports.com
United States,Texas – Austin,Austin,Dive Shop,Dive World Austin,Austin,,https://diveworldaustin.com/,,,,,,,,,US Wave 1 Seed,2025-08-14 00:09:24 UTC,dive world austin,austin,diveworldaustin.com
United States,Texas – Austin,Austin,Dive Shop,Tom’s Dive & Swim,Austin,,https://www.tomsdive.com/,,,,,,,,,US Wave 1 Seed,2025-08-14 00:09:24 UTC,tom's dive & swim,austin,tomsdive.com
United States,Texas – Gulf,Freeport / Gulf of Mexico,Operator,Fling Charters (MV Fling),Freeport / Gulf of Mexico,,https://www.flingcharters.com/,,,,,,,,Flower Garden Banks liveaboard,US Wave 1 Seed,2025-08-14 00:09:24 UTC,fling charters (mv fling),freeport / gulf of mexico,flingcharters.com
United States,Texas – Houston,Houston,Dive Shop,Gigglin’ Marlin Dive & Swim,Houston,,https://www.gigglinmarlin.com/,,,,,,,,,US Wave 1 Seed,2025-08-14 00:09:24 UTC,gigglin' marlin dive & swim,houston,gigglinmarlin.com
United States,Virginia – NoVA,Occoquan,Dive Shop,Patriot Scuba,Occoquan,,https://patriotscuba.com/,,,,,,,,,US Wave 3 Add,2025-08-14 00:09:24 UTC,patriot scuba,occoquan,patriotscuba.com
United States,Virginia – NoVA,Springfield,Dive Shop,Adventure Scuba Company (Springfield),Springfield,,https://www.scubava.com/,,,,,,,,,US Wave 3 Add,2025-08-14 00:09:24 UTC,adventure scuba company (springfield),springfield,scubava.com
United States,Virginia – Tidewater,Virginia Beach,Dive Shop,Lynnhaven Dive Center,Virginia Beach,,https://www.ldcscuba.com/,,,,,,,,,US Wave 2 Add,2025-08-14 00:09:24 UTC,lynnhaven dive center,virginia beach,ldcscuba.com
United States,Washington – Kitsap,Bremerton,Dive Shop,Sound Dive Center,Bremerton,,https://www.sounddivers.com/,,,,,,,,,US Wave 2 Add,2025-08-14 00:09:24 UTC,sound dive center,bremerton,sounddivers.com
United States,Washington – Puget Sound,Edmonds,Dive Shop,Lighthouse Diving Center (Edmonds),Edmonds,,https://lighthousediving.com/,,,,,,,,,US Wave 4 Add,2025-08-14 00:09:24 UTC,lighthouse diving center (edmonds),edmonds,lighthousediving.com
United States,Washington – Puget Sound,Seattle,Dive Shop,Underwater Sports (Seattle),Seattle,,https://www.underwaterworld.com/,,,,,,,,,US Wave 1 Seed,2025-08-14 00:09:24 UTC,underwater sports (seattle),seattle,underwaterworld.com
United States,Washington – Puget Sound,Seattle,Operator,Seattle Dive Tours,Seattle,,https://www.seattledivetours.com/,,,,,,,,,US Wave 1 Seed,2025-08-14 00:09:24 UTC,seattle dive tours,seattle,seattledivetours.com
United States,Washington – Tacoma,Tacoma,Operator,Bandito Charters,Tacoma,,https://www.banditocharters.com/,,,,,,,,,US Wave 1 Seed,2025-08-14 00:09:24 UTC,bandito charters,tacoma,banditocharters.com
United States,Wisconsin – Lake Michigan,Milwaukee,Operator (Scuba Charter),Shipwreck Explorers,Milwaukee,,https://www.shipwreckexplorers.com/,,,,,,,,,US Wave 2 Add,2025-08-14 00:09:24 UTC,shipwreck explorers,milwaukee,shipwreckexplorers.com
United States,Wisconsin – Madison,Madison,Dive Shop,Underwater Connection (WI),Madison,,https://underwaterconnection.com/,,,,,,,,,US Wave 5 Add,2025-08-14 00:09:24 UTC,underwater connection (wi),madison,underwaterconnection.com
United States,Wisconsin – Milwaukee Metro,Pewaukee,Dive Shop,"Aquatic Adventures, Inc. (WI)",Pewaukee,,https://diveaai.com/,,,,,,,,,US Wave 4 Add,2025-08-14 00:09:24 UTC,"aquatic adventures, inc. (wi)",pewaukee,diveaai.com
